Species,TaxonKey
Albacore,600142
Albacore tuna,600142
Alewife,601583
ALEWIFE,601583
ALFONSIN,501129
Amberjack,500928
AMBERJACK,500928
"AMBERJACK, GREATER",601005
"AMBERJACK, LESSER",500928
Ambon emperor,601853
ANCHOVIES,400454
"ANCHOVY, NORTHERN",400454
Angler flatfish,300061
ATKA MACKEREL,604037
BALLYHOO,601059
"BARRACUDA, PACIFIC",400360
Barracudas,500372
BARRACUDAS,400360
Barracudas (misc),500372
Barred flagtail,605790
BARRELFISH,603921
"BASS, ROCK",400289
"BASS, STRIPED",600353
"BASS, WHITE",400289
BIGEYE,601149
Bigeye barracuda,605734
Bigeye bream,500809
Bigeye emperor,601869
Bigeye scad,600387
Bigeye squirrelfish,509309
Bigeye trevally,601917
Bigeye tuna,600146
BigeyeTuna,600146
Bigscale soldierfish,501129
BILLFISHES,400419
BLACK DRIFTFISH,603920
Black jack,601936
Black Jack,601936
Black marlin,600217
Black snapper,600266
Blacktip grouper,605348
Blacktip reef shark,600877
Blood snapper,600162
Blue kingfish trevally,601906
Blue lined gindai,600199
Blue lined snapper,600156
Blue marlin,600216
Bluefin trevally,601906
Bluefin tuna,614290
Bluefin Tuna,614290
BLUEFISH,600364
Blueline bream,601834
Blue-lined gindai,600199
Blue-lined snapper,600156
"BONITO, ATLANTIC",600115
"BONITO, PACIFIC",604796
"BROTULA, BEARDED",600486
Brown jobfish,502124
BURBOT,600310
BUTTERFISH,400425
Butterflyfishes,400343
CABEZON,604140
Capelin,600252
Cardinalfish,400304
"CARP, COMMON",601450
CARPS AND MINNOWS,100011
Catfish,300032
"CATFISH, FLATHEAD",300032
CATFISHES & BULLHEADS,300032
Christmas wrasse,605649
"CLAM, ATLANTIC JACKKNIFE",690029
"CLAM, ATLANTIC SURF",690033
"CLAM, BUTTER",690064
"CLAM, MANILA",290004
"CLAM, NORTHERN QUAHOG",690270
"CLAM, OCEAN QUAHOG",690275
"CLAM, PACIFIC GEODUCK",690284
"CLAM, PACIFIC LITTLENECK",690285
"CLAM, PACIFIC RAZOR",690286
"CLAM, PACIFIC, GAPER",690664
"CLAM, QUAHOG",290004
"CLAM, SOFTSHELL",290004
Clams (misc),290004
Clams / quahaugs,290004
CLAMS OR BIVALVES,290004
COBIA,603542
"COCKLE, NUTTALL",690651
Cockles,490058
Cod,300044
"COD, ATLANTIC",600069
"COD, PACIFIC",600308
Conger eels,400062
"CRAB, ATLANTIC ROCK",690031
"CRAB, BLUE",690052
"CRAB, DUNGENESS",690115
"CRAB, GREEN",690158
"CRAB, HORSESHOE",690182
"CRAB, JONAH",690203
"CRAB, KING",590073
"Crab, Other",490097
"Crab, Queen",690313
"CRAB, RED ROCK",690287
"CRAB, SNOW",590065
"CRAB, SOUTHERN TANNER",590065
Crabs,490097
CREOLE-FISH,601217
"CROAKER, ATLANTIC",600408
"CROAKER, PACIFIC WHITE",600422
CUNNER,603672
Cusk,600051
CUSK,502417
"CUTLASSFISH, ATLANTIC",400415
DEALFISH,603265
Dogfish,500107
Dogtooth tuna,600106
DOLPHINFISH,500116
"DORY, AMERICAN JOHN",601370
"DRUM, BLACK",600425
"DRUM, RED",601191
DRUMS,400331
ECHINODERM,100276
Eel,300026
"EEL, AMERICAN",600296
"EEL, CONGER",300026
Eels,509279
EELS,300026
"EELS, SNAKE",400066
Ehu (squirrelfish snap.),400243
Emperors,501144
EMPERORS,501144
Emperors (misc),501144
ESCOLAR,601042
Filefishes,501677
"FINFISHES, UNC BAIT AND ANIMAL FOOD",100139
"FINFISHES, UNC FOR FOOD",100139
"FINFISHES, UNC GENERAL",100139
Flagtail grouper,606456
Flagtails,400301
FLATFISH,300061
Flatfishes,300061
"FLOUNDER, ARROWTOOTH",600517
"FLOUNDER, FOURSPOT",613967
"FLOUNDER, PACIFIC, SANDDAB",100031
"FLOUNDER, SOUTHERN",100031
"FLOUNDER, STARRY",604249
"FLOUNDER, SUMMER",601338
"FLOUNDER, WINDOWPANE",600530
"FLOUNDER, WINTER",600524
"FLOUNDER, WITCH",600026
"FLOUNDER, YELLOWTAIL",600521
"FLOUNDER,ATLANTIC,PLAICE",604239
"FLOUNDER,PACIFIC,SANDDAB",604215
Flounders,500048
"FLOUNDERS, RIGHTEYE",400440
Flower snapper (gindai),600211
GAG,601212
GARS,400475
Giant clam,690147
Giant grouper,606468
Gindai (flower snap),600211
GLASSEYE SNAPPER,601150
Goatfish,507028
Goatfishes,507028
GOATFISHES,400332
Goldflag jobfish,600200
Goldspot trevally,601926
GOOSEFISH,400190
Gray jobfish,502124
GRAYSBY,600012
Greasy grouper,604461
Greater amberjack,601005
Greenland turbot,600516
"GREENLING, KELP",604032
GRENADIERS,500327
"GROUPER, BLACK",601209
"GROUPER, RED",600017
"GROUPER, SNOWY",601208
"GROUPER, WARSAW",601207
"GROUPER, YELLOWEDGE",601205
"GROUPER, YELLOWFIN",601216
"GROUPER, YELLOWMOUTH",601211
Groupers,503028
GROUPERS,503028
Groupers (misc),503028
"GRUNT, TOMTATE",400327
"GRUNT, WHITE",601140
GRUNTS,400327
Haddock,601381
HADDOCK,601381
HAGFISHES,400002
Hake,500654
"HAKE, ATLANTIC, RED/WHITE",500654
"HAKE, OFFSHORE SILVER",601080
"HAKE, PACIFIC (WHITING)",600326
"HAKE, RED",600312
"HAKE, SILVER",600323
"HAKE, WHITE",600313
Halibut,100031
"HALIBUT, ATLANTIC",601371
"HALIBUT, CALIFORNIA",100031
"HALIBUT, GREENLAND",600516
"HALIBUT, PACIFIC",600514
HARVESTFISH,603923
Hawaiian opakapaka,600201
Herring,501941
"HERRING, ATLANTIC",600024
"HERRING, ATLANTIC THREAD",601486
"HERRING, BLUEBACK",601574
"HERRING, PACIFIC",601520
HERRINGS,501941
Hexagon grouper,604923
"HIND, RED",600015
"HIND, ROCK",600014
"HIND, SPECKLED",500442
HOGFISH,601071
Honeycomb grouper,604923
Humpback snapper,600265
Inshore groupers,500366
Inshore snappers,400323
JACK MACKEREL,500661
"JACK, ALMACO",500467
"JACK, BAR",601918
"JACK, BLACK",601936
"JACK, CREVALLE",600071
"JACK, HORSE-EYE",601935
Jacks,500467
JACKS,500467
Jacks (misc),500467
"JOBFISH, GREEN (UKU)",600084
Kawakawa,600096
KING WHITING,600029
"KINGFISH, NORTHERN",502790
Kusakar's snapper,600191
LADYFISH,600175
"LAUNCE, AMERICAN SAND",400402
Leatherback,601951
LEATHERJACKETS,400517
LEATHER-SKIN,500467
Lehi (silverjaw),600083
LIMPETS,590242
LINGCOD,600509
Lobster,100043
"LOBSTER, AMERICAN",690010
"LOBSTER, BANDED SPINY",590082
"LOBSTER, CALIFORNIA SPINY",590082
"LOBSTER, CARIBBEAN SPINY",690071
"LOBSTER, SLIPPER",590244
Longnose emperor,601864
Longspine grouper,500366
Longtail snapper (onaga),601385
LOOKDOWN,601004
Lunartail grouper,606478
Mackerel,500142
"MACKEREL, ATLANTIC",600118
"MACKEREL, CHUB",600117
"MACKEREL, FRIGATE",600094
"MACKEREL, KING",600120
"MACKEREL, KING AND CERO",500142
"MACKEREL, SPANISH",500142
Mahimahi,600006
MANTIS SHRIMPS,390017
MARGATE,501143
"MARLIN, BLUE",600216
"MARLIN, STRIPED",600223
MENHADEN,400043
Milkfish,600080
MOJARRAS,502403
Monchong,603561
Moonfishes,400317
Moonfish,600390
"MOONFISH, ATLANTIC",600378
Moray eels,400056
"MULLET, STRIPED (LIZA)",508042
"MULLET, WHITE",601086
Mullets,504212
MULLETS,508042
Multidens snapper,600208
Mussel (3),590117
"MUSSEL, BLUE",690053
"MUSSEL, CALIFORNIA",490054
Napoleon wrasse,605604
OCEAN SUNFISH,601732
Octopus,590013
OCTOPUS,590013
Oilfish,601044
OILFISH,601044
Onaga (longtail snapper),601385
Onespot snapper,600166
OPAH,601072
Orange goatfish,605985
Orangespot emperor,601862
Other Groundfish,100239
Other Pelagic and finfish,100139
Other pelagic sharks,200007
Other Sharks,200007
Oyster (1),100053
"OYSTER, EASTERN",690009
"OYSTER, EUROPEAN FLAT",690123
"OYSTER, KUMAMOTO",690888
"OYSTER, OLYMPIA",690279
"OYSTER, PACIFIC",690283
Pa'a crab,490097
Paddletail snapper,600265
Paeony bulleye,600344
Parrotfishes,500242
PARROTFISHES,500242
Parrotfishes (misc),500242
Peacock grouper,606396
"PERCH, WHITE",600355
PERIWINKLES,590049
PERMIT,500598
PIGFISH,600005
PINFISH,601203
"PINFISH, SPOTTAIL",501548
Pink snapper (opakapaka),600201
Pollock,600318
POLLOCK,600034
"POLLOCK, WALLEYE",600318
Pomfret,400319
POMFRETS,400319
"POMPANO, AFRICAN",400319
"POMPANO, FLORIDA",600380
Porcupinefish,500154
"PORGY, JOLTHEAD",601221
"PORGY, RED",601756
"POUT, OCEAN",600480
"PRICKLEBACK, MONKEYFACE",509279
Pristipomoides/Etelis,502124
"PUFFER, NOTHERN",601181
PUFFERS,400448
Pygmy grouper,606455
Rabbitfish,602503
Rabbitfishes,400413
Rainbow runner,600412
RATFISH SPOTTED,602589
"RAY,COWNOSE",602584
"RAY,STINGRAYS",500646
Rays,100538
Red snapper,400323
"Red snapper, mu",400323
Redfish spp.,501135
"REDFISH, ACADIAN",501135
Redgill emperor,601863
"ROCKFISH, AURORA",400573
"ROCKFISH, BANK",400573
"ROCKFISH, BLACK",603979
"ROCKFISH, BLACK-AND-YELLOW",400573
"ROCKFISH, BLACKGILL",400573
"ROCKFISH, BLUE",400573
"ROCKFISH, BOCACCIO",603987
"ROCKFISH, BROWN",400573
"ROCKFISH, CANARY",603989
"ROCKFISH, CHILIPEPPER",603971
"ROCKFISH, CHINA",400573
"ROCKFISH, COPPER",400573
"ROCKFISH, DARKBLOTCHED",603962
"ROCKFISH, FLAG",400573
"ROCKFISH, GOPHER",400573
"ROCKFISH, GRASS",400573
"ROCKFISH, GREENBLOTCHED",400573
"ROCKFISH, GREENSPOTTED",400573
"ROCKFISH, GREENSTRIPED",400573
"ROCKFISH, KELP",400573
"ROCKFISH, OLIVE",400573
"ROCKFISH, PACIFIC OCEAN PERCH",600504
"ROCKFISH, REDBANDED",400573
"ROCKFISH, REDSTRIPE",400573
"ROCKFISH, ROSY",400573
"ROCKFISH, SHORTBELLY",400573
"ROCKFISH, SILVERGRAY",400573
"ROCKFISH, SPECKLED",400573
"ROCKFISH, SPLITNOSE",400573
"ROCKFISH, SQUARESPOT",400573
"ROCKFISH, STARRY",400573
"ROCKFISH, TREEFISH",400573
"ROCKFISH, VERMILION",400573
"ROCKFISH, WIDOW",600502
"ROCKFISH, YELLOWEYE",400573
"ROCKFISH, YELLOWMOUTH",400573
"ROCKFISH, YELLOWTAIL",600503
ROCKFISHES,400573
"ROSEFISH, BLACKBELLY",600076
Ruby snapper (ehu),600087
Rudderfish,600249
Rudderfish (cinerascens),600249
"RUDDERFISH, BANDED",500928
Rudderfishes,500928
Rufous snapper,600155
"RUNNER, BLUE",601933
"RUNNER, RAINBOW",600412
Saber squirrelfish,606507
SABLEFISH,600512
Saddleback grouper,607372
Sailfish,500488
SAILFISH,500488
Salmon,502724
"SALMON, CHINOOK",600244
"SALMON, CHUM",600241
"SALMON, COHO",600245
"SALMON, PINK",600240
"SALMON, SOCKEYE",600243
"SARDINE, PACIFIC",601477
"SARDINE, SPANISH",501940
"SCAD, BIGEYE",600387
"SCAD, MACKEREL",600993
SCADS,502102
Scallop (2),490055
"SCALLOP, BAY",690030
"SCALLOP, SEA",490055
SCAMP,601213
"SCORPIONFISH, SPINYCHEEK",502730
SCORPIONFISHES,502730
SCULPINS,400277
SCUP,600452
SCUPS OR PORGIES,400330
"SEA BASS, BLACK",600361
"SEA BASS, GIANT",603310
"SEA BASS, ROCK",502682
SEA CATFISHES,400145
SEA CHUBS,400339
Sea cucumber,290012
SEA CUCUMBER,590157
SEA RAVEN,400585
Sea urchin,590158
SEA URCHINS,590158
"SEABASS, WHITE",603578
SEAROBINS,500495
"SEATROUT, SAND",601170
"SEATROUT, SPOTTED",600405
Sergeant major,509206
Seven-11 crab,690771
"SHAD, AMERICAN",601584
"SHAD, GIZZARD",601604
"SHAD, HICKORY",601582
Shark,100338
"SHARK, ATLANTIC SHARPNOSE",600905
"SHARK, BIGEYE THRESHER",602534
"SHARK, BLACKNOSE",400011
"SHARK, BLACKTIP",600874
"SHARK, BLUE",600898
"SHARK, BONNETHEAD",600915
"SHARK, BULL",600873
"SHARK, DOGFISH",500107
"SHARK, FINETOOTH",400011
"SHARK, HAMMERHEAD",500693
"SHARK, LEMON",600897
"SHARK, LEOPARD",400488
"SHARK, MAKOS",500638
"SHARK, PACIFIC ANGEL",600729
"SHARK, PORBEAGLE",600088
"SHARK, SAND TIGER",600747
"SHARK, SANDBAR",600880
"SHARK, SHORTFIN MAKO",600752
"SHARK, SILKY",600868
"SHARK, SMOOTH DOGFISH",400488
"SHARK, SOUPFIN",604642
"SHARK, SPINNER",400011
"SHARK, SPINY DOGFISH",600139
"SHARK, THRESHER",602535
"SHARK, TIGER",600886
Sharks,500816
SHARKS,500816
Sharks (misc),200007
Sharks (unknown),200007
"SHEEPHEAD, CALIFORNIA",603671
SHEEPSHEAD,600441
SHELLFISH,100195
Shrimp,590094
"SHRIMP, BLUE MUD",690665
"SHRIMP, BRINE",690058
"SHRIMP, BROWN",690265
"SHRIMP, GHOST",590248
"SHRIMP, MARINE, OTHER",590094
"SHRIMP, OCEAN",690660
"SHRIMP, PACIFIC ROCK",690628
"SHRIMP, PENAEID",490043
"SHRIMP, PINK",690268
"SHRIMP, ROCK",690334
"SHRIMP, ROYAL RED",690335
"SHRIMP, SEABOB",690032
"SHRIMP, SPOT",100045
"SHRIMP, WHITE",690272
"SHRIMP,PANDALID",590093
Silverjaw jobfish (lehi),600083
Silversides,400218
SILVERSIDES,400218
Six-banded grouper,500366
Skate,400019
"SKATE, LITTLE",602557
SKATES,400019
Skipjack tuna,600107
Skipjack Tuna,600107
SKIPPERS,601357
Smalltooth grouper,600083
Smalltooth jobfish (lehi),600083
Smelt,400080
"SMELT, EULACHON",600256
"SMELT, RAINBOW",600253
SMELTS,400080
SNAILS (CONCHS),590111
"SNAPPER, BLACK",400323
"SNAPPER, BLACKFIN",500357
"SNAPPER, CUBERA",601427
"SNAPPER, DOG",600154
"SNAPPER, GRAY",600266
"SNAPPER, LANE",600181
"SNAPPER, MUTTON",601403
"SNAPPER, QUEEN",601391
"SNAPPER, RED",601423
"SNAPPER, SILK",600185
"SNAPPER, VERMILION",600213
"SNAPPER, YELLOWTAIL",600188
SNAPPERS,400323
Soldierfishes,501130
"SOLE, BUTTER",500537
"SOLE, CURLFIN",604252
"SOLE, DOVER",604247
"SOLE, ENGLISH",604248
"SOLE, FLATHEAD",600519
"SOLE, PETRALE",604237
"SOLE, REX",604238
"SOLE, ROCK",624237
"SOLE, SAND",601336
"SOLE, YELLOWFIN",600520
Spadefish,400340
SPADEFISHES,400340
Spearfish,603915
Spiny lobster,690801
Spiny pufferfish,400449
SPOT,600429
Spotted eels,607547
Spotted grouper,600348
Squaretail grouper,606082
Squid,390002
"SQUID, CALIFORNIA MARKET",690658
"SQUID, LONGFIN",690227
"SQUID, NORTHERN SHORTFIN",690271
SQUIDS,390002
Squirrel snapper (ehu),600087
Squirrelfish,601061
Squirrelfishes,509309
SQUIRRELFISHES,509309
Stareye parrotfish,604355
"STARGAZER, NOTHERN",500125
Stocky hawkfish,605831
Stone's snapper,600193
Striped grouper,500366
Striped marlin,600223
Striped Marlin,600223
"STURGEON, WHITE",602594
SUCKERS,100011
Sunfish,601732
SUNFISHES,500358
SURFPERCHES,300060
SURGEONFISHES,509207
Surgeonfishes/tangs,400412
Sweepers,400334
Sweetlips,500476
Swordfish,600226
SWORDFISH,600226
TARPON,601079
"TARPON, HAWAIIAN",600175
TAUTOG,600458
Terapon perch,400306
"THORNYHEAD, SHORTSPINE",604009
Threadfins,500153
THREADFINS,500153
THRESHER SHARKS,500639
"TILEFISH, BLUELINE",605796
"TILEFISH, GOLDEN",600362
"TILEFISH, SAND",603541
TILEFISHES,400308
Timor snapper,500357
TOADFISHES,400189
Tomato grouper,606454
Trevally (misc),502100
Trevallys,502100
Triggerfish,400445
"TRIGGERFISH, GRAY",607327
Triggerfishes,400445
TRIPLETAIL,601077
"TROUT, RAINBOW",600239
Tuna,501905
"TUNA, ALBACORE",600142
"TUNA, BIGEYE",600146
"TUNA, BLACKFIN",600144
"TUNA, BLUEFIN",600147
"TUNA, BLUEFIN PACIFIC",614290
"TUNA, KAWAKAWA",600096
"TUNA, LITTLE TUNNY",600097
"TUNA, SKIPJACK",600107
"TUNA, YELLOWFIN",600143
TUNAS,501905
"TURBOT, HORNYHEAD",400515
Twinspot/red snapper,601417
Unicornfishes,500480
Unicornfishes (misc),500480
Wahoo,600089
WAHOO,600089
WEAKFISH,502794
"WHELK, CHANNELED",590110
"WHELK, KNOBBED",590110
Whelks,590110
White - edged lyretail,606478
White-edged lyretail,606478
Whitemouth trevally,601984
WOLF-EEL,505897
"WOLFFISH, ATLANTIC",602501
Wrasses,500508
Wrasses (misc),500508
WRECKFISH,600349
Yellow - edged lyretail,605354
Yellow goatfishes,601092
Yellow margined snapper,600262
Yellow opakapaka,600201
Yellowband parrotfish,604975
Yellow-edged lyretail,605354
Yelloweye opakapaka,600201
Yelloweye opakapaka(P.fl.,600201
Yelloweye snapper,501135
Yellowfin tuna,600143
Yellowfin Tuna,600143
Yellowspot grouper,605367
Yellowstriped squirrelfish,612896
YELLOWTAIL JACK,600381
Yellowtail snapper,600188
Alfonsin,601319
Barracuda,500372
Bigeye scad (atulai),600387
Bigeye Scad (Atulai),600387
Bonita/skipjack tuna,600107
Bonita/skipjack Tuna,600107
Crabs (misc),390013
Crabs (Misc),390013
Dogtooth Tuna,600106
Dolphin (Mahimahi),600006
Ehu (red snapper),600087
Ehu (Red Snapper),600087
Emperor (Mafute),501144
Gindai (Flower Snap),600211
Gindai (flower snapper),600211
Grouper,503028
Humphead parrot fish,500242
Humphead parrotfish,500242
Kalikali (Pink Snap),600201
Kalikali (pink snapper),600201
Lehi (Silverjaw),600083
Lobsters,100043
Mafute (emperor),501144
Mafute (Emperor),501144
Mahi / Dolphinfish,600006
Mahi/dolphinfish,600006
Marlin,500538
Marlins,500538
Mullet,504212
Onaga (red snapper),601385
Onaga (Red Snapper),601385
Opakapaka (pink snapper),600201
Opakapaka (pink snappper),600201
Opakapaka (Pink Snp),600201
Parrotfish,500242
Rainbow Runner,600412
Reef fishes (unknown),500928
Rudderfish (guilli),500928
Rudderfish (Guilli),500928
Shrimp\prawn(S. water),100045
Skipjack tuna (bonita),600107
Snapper,400323
Snappers,400323
Surgeonfish,509207
Surgeonfishes,509207
Tagafi (red snapper),500357
Tagafi (Red Snapper),500357
Tunas,501163
Uku (gray snapper),600084
Uku (Gray Snapper),600084
Unicornfish,500480
Wrasse,500508
Bigeye Scad,600387
Blackjack,601936
Blue - lined snapper,600156
Blue Marlin,600216
Bluebanded surgeonfish,509207
Blueline snapper,600156
Blueline Snapper,600156
Bluespine unicornfish,500480
Brassy trevally,606360
Brassy Trevally,606360
Emperor (mafute/misc),501144
Emperor (Mafute/misc.),501144
Emperor (misc),501144
Giant coral trout,604826
Giant trevally,601895
Giant Trevally,601895
Goatfish (misc),507028
Goatfish (Misc.),507028
Grouper (misc),507028
Grouper (Misc.),507028
Jacks (Misc.),500467
Jobfish (uku),600084
Jobfish (Uku),600084
Kalekale (yellowtail),600209
Kalikali (yellowtail),600209
Kalikali (Yellowtail),600209
Kawakawa (saba),600096
Orange spotted trevally,601923
Orangespine unicornfish,601264
Orangespine Unicornfish,601264
Parrotfish (misc),500242
Parrotfish (Misc.),500242
Red Snapper,400323
Saba (kawakawa),600096
Saba (Kawakawa),600096
Shrimp (saltwater),590094
Shrimp (Saltwater),590094
Sickle pomfret,603561
Sickle Pomfret,603561
Silvermouth (deep lehi),600083
Silvermouth (Deep Lehi),600083
Slipper lobster,590244
Spiny Lobster,690801
Surgeonfish (misc),509207
Surgeonfish (Misc.),509207
Triggerfish (Misc.),400445
Tunas (misc),501163
Tunas (Misc.),501163
Tunas (unknown),501163
Unicornfish (misc),500480
Unicornfish (Misc.),500480
Aquatic animals,100000
"Carps, barbels and other cyprinids",100011
"Sturgeons, paddlefishes",100021
Miscellaneous diadromous fishes,100025
Diadromous fishes,100025
"Flounders, halibuts, soles",100031
Bigscale anchovy - Anchovia macrolepidota,100035
Clupeoids nei - Clupeoidei,100035
"Herrings, sardines, anchovies",100035
"Tunas, bonitos, billfishes",100036
Marine fishes not identified,100039
Marine fishes,100039
Marine fishes nei - Osteichthyes,100039
Homarus spp,100043
"Lobsters, spiny-rock lobsters",100043
"King crabs, squat-lobsters",100044
Atlantic mud shrimp - Solenocera membranacea,100045
Kuro shrimp - Argis lar,100045
"Shrimps, prawns",100045
Xiphopenaeus shrimps nei - Xiphopenaeus spp,100045
Miscellaneous marine crustaceans,100047
Oysters,100053
Mussels,100054
"Clams, cockles, arkshells",100056
Miscellaneous marine molluscs,100058
Marine molluscs nei - Mollusca,100058
Molluscs,100058
Common piddock - Pholas dactylus,100058
Aquatic invertebrates nei - Invertebrata,100077
Miscellaneous aquatic invertabrates,100077
Finfish,100139
Finfishes nei - Osteichthyes,100139
Echinoderms - Echinodermata,100176
Groundfishes nei - Osteichthyes,100239
Sea-urchins and other echinoderms,100276
Cartilaginous fishes nei - Chondrichthyes,100338
"Sharks, rays, chimaeras",100338
Pelagic fishes nei - Osteichthyes,100339
Natantian decapods nei - Natantia,100345
Striped soldier shrimp - Plesionika edwardsii,100345
Striped gladiator shrimp - Plesionika ensis,100345
Golden shrimp - Plesionika martia,100345
Plesionika shrimps nei - Plesionika spp,100345
Solenocerid shrimps nei - Solenoceridae,100345
"Sharks,Rays,Skates, etc, nei - Elasmobranchii",200004
"Dogfishes,Hounds, nei - Squalidae, Scyliorhinidae",200007
Various sharks nei - Selachimorpha (Pleurotremata),200007
Cephalopods nei - Cephalopoda,290002
"Squids, cuttlefishes, octopuses",290002
"Clams etc, nei - Bivalvia",290004
Chamber venus - Circomphalus casinus,290004
Sea-squirts and other tunicates,290005
Sea-squirts nei - Ascidiacea,290005
Gastropods nei - Gastropoda,290006
Violet sea urchin - Sphaerechinus granularis,290011
"Sea-urchins etc, nei - Echinoidea",290011
Sea-cucumbers nei - Holothurioidea,290012
Marine crustaceans nei - Crustacea,290022
Crustaceans,290022
"Chimaeras etc, nei - Chimaeriformes",300003
"Dogfish sharks etc, nei - Squaliformes",300009
Arrowhead dogfish - Deania profundorum,300009
"Rays, Stingrays,Mantas, nei - Rajiformes",300014
Shortbelly eel - Dysomma anguillare,300026
Painted eel - Echelus myrus,300026
Pygmy shore-eel - Alabes parvulus,300026
Pink cusk-eel - Genypterus blacodes,300026
Kaup's arrowtooth eel - Synaphobranchus kaupii,300026
Gilchrist's round herring - Gilchristella aestuarius,300028
Gadiformes nei - Gadiformes,300044
"Cods, hakes, haddocks",300044
Northern cods nei - Gadus spp,300044
Pelagic percomorphs nei - Perciformes,300060
Demersal percomorphs nei - Perciformes,300060
Dragonet - Callionymus lyra,300060
Curled picarel - Centracanthus cirrus,300060
Driftfish - Cubiceps gracilis,300060
Smalleye squaretail - Tetragonurus cuvieri,300060
Flatfishes nei - Pleuronectiformes,300061
Citharids nei - Citharidae,300061
Batoid fishes nei - Batoidimorpha (Hypotremata),300063
African squid - Alloteuthis africana,390002
"Various squids nei - Loliginidae, Ommastrephidae",390002
Midsize squid - Alloteuthis media,390002
European common squid - Alloteuthis subulata,390002
Long-armed squid - Chiroteuthis veranyi,390002
Shortfin squids nei - Illex spp,390002
Webbed flying squid - Ommastrephes caroli,390002
Orangeback flying squid - Ommastrephes pteropus,390002
Flying squids nei - Ommastrephes spp,390002
Common bobtail squid - Sepietta oweniana,390002
Sepiola bobtail squids nei,390002
Dwarf bobtail squid - Sepiola rondeleti,390002
Diamondback squid - Thysanoteuthis rhombus,390002
Lesser flying squid - Todaropsis eblanae,390002
"Cuttlefish, Bobtail squids, nei - Sepiidae, Sepiolidae",390006
"Abalones, winkles, conchs",390011
Speckled swimcrab - Arenaeus cribarius,390013
Shamefaced crab - Calappa granulata,390013
Toothed rock crab - Cancer bellianus,390013
Carcinus crabs nei - Carcinus spp,390013
Warty crab - Eriphia verrucosa,390013
Lampreys nei - Petromyzonidae,400001
"Mackerel sharks, Porbeagles, nei - Lamnidae",400009
"Catsharks etc, nei - Scyliorhinidae",400010
Requiem sharks nei - Carcharhinidae,400011
Dogfish sharks nei - Squalidae,400013
"Angelsharks, Sand devils, nei - Squatinidae",400015
Sawback angelshark - Squatina aculeata,400015
"Guitarfishes etc, nei - Rhinobatidae",400017
Electric rays nei - Torpedinidae,400018
Rays and skates nei - Rajidae,400019
"Stingrays, Butterfly rays, nei - Dasyatidae",400020
Round stingray - Taeniura grabata,400020
Eagle rays - Myliobatidae,400022
Sturgeons nei - Acipenseridae,400032
"Herrings, Sardines, nei - Clupeidae",400043
Morays - Muraenidae,400056
Fangtooth moray - Enchelycore anatina,400056
Muraena spp,400056
"Conger eels etc, nei - Congridae",400062
Conger eels nei - Conger spp,400062
Diploconger polystigmatus,400062
Salmonids nei - Salmonidae,400076
Salmonoids nei - Salmonoidei,400076
Mediterranean sand smelt - Atherina hepsetus,400080
Sea catfishes nei - Ariidae,400145
Lizardfishes nei - Synodontidae,400160
Atlantic lizardfish - Synodus saurus,400160
Anomalous lanternfish - Lampadena anoma,400167
Moras nei - Moridae,400180
North Atlantic codling - Lepidion eques,400180
Wachna cod (=Navaga) - Eleginus navaga,400183
"Grenadiers,Rattails, nei - Macrouridae",400185
Glasshead grenadier - Hymenocephalus italicus,400185
Anglerfishes nei - Lophiidae,400190
Flyingfishes nei - Exocoetidae,400206
Cheilopogon heterurus,400206
Black wing flyingfish - Hirundichthys rondeletii,400206
"Needlefishes etc, nei - Belonidae",400207
Sauries nei - Scomberesocidae,400208
Silversides(=Sand smelts) nei - Atherinidae,400218
Slimeheads nei - Trachichthyidae,400236
"Alfonsinos etc, nei - Berycidae",400240
Squirrelfishes nei - Holocentridae,400243
Dories nei - Zeidae,400249
Boarfishes nei - Caproidae,400252
Flutemouth - Fistularia spp,400254
Scorpionfishes nei - Scorpaenidae,400264
"Gurnards,Searobins nei - Triglidae",400266
"Groupers, Seabasses, nei - Serranidae",400289
"Bigeyes,Glasseyes,Bulleyes, nei - Priacanthidae",400303
"Cardinalfishes etc, nei - Apogonidae",400304
Cardinal fish - Apogon imberbis,400304
Perdix cardinalfish - Apogonichthys perdix,400304
Tilefishes nei - Branchiostegidae,400308
Carangids nei - Carangidae,400314
Big-scale pomfret - Taractichthys longipinnis,400319
"Grunts, Sweetlips, nei - Haemulidae (=Pomadasyidae)",400327
Emperors(=Scavengers) nei - Lethrinidae,400328
"Porgies, Seabreams, nei - Sparidae",400330
"Croakers,Drums, nei - Sciaenidae",400331
Fusca drum - Umbrina ronchus,400331
Drums nei - Umbrina spp,400331
"Goatfishes,Red mullets, nei - Mullidae",400332
Sea chubs nei - Kyphosidae,400339
Chub - leuciscus cepalus,400339
Mullets nei - Mugilidae,400359
Boxlip mullet - Oedalechilus labeo,400359
"Barracudas etc, nei - Sphyraenidae",400360
"Threadfins,Tasselfishes, nei - Polynemidae",400361
"Wrasses,Hogfishes, etc, nei - Labridae",400362
Rock cook - Centrolabrus exoletus,400362
Emerald wrasse,400362
Cuckoo wrasse - Labrus bimaculatus,400362
Green wrasse - Labrus viridis,400362
Scale-rayed wrasse - Acantholabrus palloni,400362
Grey wrasse - Symphodus cinereus,400362
Symphodus wrasses nei,400362
Weeverfishes nei - Trachinidae,400377
Boa dragonfish - Stomias boa,400383
Combtooth blennies - Blenniidae,400392
Butterfly blenny - Blennius ocellaris,400392
Gobies nei - Gobiidae,400405
Atlantic gobies nei - Gobius spp,400405
Butterfly goby - Amblygobius albimaculatus,400405
Surgeonfishes nei - Acanthuridae,400412
Spinefeet(=Rabbitfishes) nei - Siganus spp,400413
"Snake mackerels, Escolars, nei - Gempylidae",400414
"Hairtails, Scabbardfishes, nei - Trichiuridae",400415
Mackerels nei - Scombridae,400416
Bonitos nei - Sarda spp,400416
Tunas nei - Thunnini,400416
"Marlins, Sailfishes, etc nei - Istiophoridae",400419
"Ruffs, Barrelfishes, nei - Centrolophidae",400421
"Butterfishes, Pomfrets, nei - Stromateidae",400425
Lefteye flounders nei - Bothidae,400439
Righteye flounders nei - Pleuronectidae,400440
Soles nei - Soleidae,400441
Deep water sole - Bathysolea profundicola,400441
Solenette - Buglossidium luteum,400441
Klein's sole - Centroceras clavulatum,400441
Red panache - Centroceras clavulatum,400441
Whiskered sole - Monochirus hispidus,400441
Portuguese sole - Synaptura lusitanica,400441
"Triggerfishes, Durgons, nei - Balistidae",400445
Queen triggerfish - Balistes vetula,400445
Puffers nei - Tetraodontidae,400448
Oceanic puffer - Lagocephalus lagocephalus,400448
"Houndsharks, Smoothhounds, nei - Triakidae",400488
Turbots nei - Scophtalmidae,400515
"Filefishes, leatherjackets nei - Monacanthidae",400517
African armoured searobin - Peristedion cataphractum,400581
Squids nei - Ommastrephidae,490004
Inshore squids nei - Loliginidae,490010
Alloteuthis spp,490010
"Octopuses etc, nei - Octopodidae",490012
Ruppell's octopus squid - Octopoteuthis sicula,490012
Sandbird octopus - Octopus aegina,490012
Lilliput longarm octopus - Octopus defilippi,490012
Spider octopus - Octopus salutii,490012
Octopuses nei - Octopus spp,490012
Palaemonid shrimps nei - Palaemonidae,490030
"Swimming crabs etc, nei - Portunidae",490031
Arched swimming crab - Liocarcinus arcuatus,490031
"King crabs,Stone crabs, nei - Lithodidae",490036
Spiny lobsters nei - Palinuridae,490039
Slipper lobsters nei - Scyllaridae,490040
Lesser slipper lobster - Scyllarus arctus,490040
Aristeid shrimps nei - Aristeidae,490042
Penaeid shrimps nei - Penaeidae,490043
Crangonid shrimps - Crangonidae,490044
Pandalid shrimps nei - Pandalidae,490046
Squillids nei - Squillidae,490052
Red sea mantis shrimp - Erugosquilla massavensis,490052
Sea mussels nei - Mytilidae,490054
Scallops nei - Pectinidae,490055
Smooth scallop - Flexopecten glaber,490055
Box scallop - Minnivola pyxidata,490055
Cockles nei - Cardiidae,490058
European prickly cockle - Acanthocardia echinata,490058
Poorly ribbed cockle - Acanthocardia paucicostata,490058
Olive green cockle - Cerastoderma glaucum,490058
White strawberry cockle - Fragum fragum,490058
Smalltoothed argentine - Glossanodon leioglossus,490058
Speckled bittersweet - Glycymeris maculata,490058
Violet bittersweet - Glycymeris violacescens,490058
Venus clams nei - Veneridae,490060
"Razor clams, Knife clams, nei - Solenidae",490061
Mactra surf clams nei - Mactridae,490063
Marine crabs nei - Brachyura,490097
Lightfoot crab - Grapsus grapsus,490097
"Craylets,squat lobsters - Galatheidae",490124
Rugose squat lobster - Munida rugosa,490124
Black sea urchin - Arbacia lixula,490138
Flat and cupped oysters nei - Ostreidae,490143
Shortnose velvet dogfish - Centroscymnus cryptacanthus,500107
Dogfishes nei - Squalus spp,500107
Round ray - Raja fyllae,500108
Leopard skate - Raja leopardus,500108
Maltese ray - Raja melitensis,500108
Speckled ray - Raja polystigma,500108
Starry ray - Raja radiata,500108
Rough ray - Raja radula,500108
Raja rays nei - Raja spp,500108
Hairtails nei - Trichiurus spp,500114
Pompano dolphinfish - Coryphaena equiselis,500116
Dolphinfishes nei - Coryphaenidae,500116
Bucchich's goby - Gobius bucchichi,500120
Giant goby - Gobius cobitis,500120
Gobius strictus,500120
Spotted weever - Trachinus araneus,500122
Weevers nei - Trachinus spp,500122
Lesser weever - Trachinus vipera,500122
Sandeels(=Sandlances) nei - Ammodytes spp,500124
Small sandeel - Ammodytes tobianus,500124
Mediterranean sand eel - Gymnammodytes cicerelus,500124
Stargazers - Uranoscopus spp,500125
Sticklebacks - Gasterosteus spp,500130
Slender rockfish - Scorpaena elongata,500134
Small red scorpionfish - Scorpaena notata,500134
"Scorpionfishes, Rockfishes, nei - Scorpaena spp",500134
Trouts nei - Salmo spp,500136
Scomber mackerels nei - Scomber spp,500142
Surmullets(=Red mullets) nei - Mullus spp,500143
Longfin gurnard - Chelidonichthys obscurus,500144
Spiny gurnard - Lepidotrigla dieuzeidei,500144
Indo-Pacific gurnards - Chelidonichthys spp,500144
Gurnards nei - Trigla spp,500144
Argentines - Argentina spp,500147
Mugil spp,500152
Grenadiers nei - Macrourus spp,500327
Blackspotted smooth-hound - Mustelus punctulatus,500348
Smooth-hounds nei - Mustelus spp,500348
Guitarfishes nei - Rhinobatos spp,500351
"Allis and twaid shads - Alosa alosa, A.fallax",500352
Shads,500352
Black Sea shad - Alosa maeotica,500352
Pontic shad - Alosa pontica,500352
Shads nei - Alosa spp,500352
Caspian shads - Caspialosa spp,500352
Snappers nei - Lutjanus spp,500357
Sunfish - Mola spp,500358
Blue-and-yellow grouper - Epinephelus flavocaeruleus,500366
Goldblotch grouper - Epinephelus costae,500366
Groupers nei - Epinephelus spp,500366
Barracudas nei - Sphyraena spp,500372
Yellowmouth barracuda - Sphyraena viridensis,500372
Polygon moray - Gymnothorax polygonius,500384
"Jacks, Crevalles, nei - Caranx spp",500467
Indo-Pacific king mackerel - Scomberomorus guttatus,500487
Seerfishes nei - Scomberomorus spp,500487
Indo-Pacific sailfish - Istiophorus platypterus,500488
Atlantic searobins - Prionotus spp,500495
Snooks(=Robalos) nei - Centropomus spp,500504
Pomadasys spp,500516
Pompanos nei - Trachinotus spp,500598
Adriatic sole - Solea impar,500618
Solea spp,500618
Mako sharks - Isurus spp,500638
Tresher sharks nei - Alopias spp,500639
Australian sawtail catshark - Galeus boardmani,500640
Dwarf sawtail catshark - Galeus schultzi,500640
Crest-tail catsharks nei - Galeus spp,500640
Great lanternshark - Etmopterus princeps,500642
Lantern sharks nei - Etmopterus spp,500642
Stingrays nei - Dasyatis spp,500646
Pelagic stingray - Dasyatis violacea,500646
"Cape hakes - Merluccius capensis,M.paradox.",500654
Hakes nei - Merluccius spp,500654
Jack and horse mackerels nei - Trachurus spp,500661
Picarels nei - Spicara spp,500679
Three-bearded rockling - Gaidropsarus vulgaris,500686
Mediterranean bigeye rockling - Gaidropsarus biscayensis,500686
Shore rockling - Gaidropsarus mediterraneus,500686
Rocklings nei - Gaidropsarus spp,500686
Scalloped bonnethead - Sphyrna corona,500693
Hammerhead sharks nei - Sphyrna spp,500693
Sargo breams nei - Diplodus spp,500705
Cardinal fishes nei - Epigonus spp,500716
Shorthorn sculpin - Myoxocephalus scorpius,500717
Sculpins - Myoxocephalus spp,500717
Dentex nei - Dentex spp,500809
West African catshark - Scyliorhinus cervigoni,500814
"Catsharks,Nursehounds, nei - Scyliorhinus spp",500814
Unicorn leatherjacket filefish - Aluterus monoceros,500854
Blacktail comber - Serranus atricauda,500901
Brown comber - Serranus hepatus,500901
Combers nei - Serranus spp,500901
Bigeyes nei - Priacanthus spp,500912
Amberjacks nei - Seriola spp,500928
Guinean amberjack - Seriola carpenteri,500928
Tonguesole nei - Cynoglossus spp,501026
Lings nei - Molva spp,501096
Alfonsinos nei - Beryx spp,501129
Atlantic redfishes nei - Sebastes spp,501135
Pandoras nei - Pagellus spp,501145
"Frigate and bullet tuna - Auxis thazard, A.rochei",501163
Needlefishes nei - Tylosurus spp,501345
Chars nei - Salvelinus spp,501410
Microchirus azevia,501418
Thickback soles - Microchirus spp,501418
Eelpouts - Lycodes spp,501486
Steenbrasses nei - Lithognathus spp,501550
Filefishes nei - Cantherhines (=Navodon) spp,501677
Spotted catfish - Arius maculatus,501682
Tuna-like fishes nei - Scombroidei,501905
True tunas nei - Thunnus spp,501905
Sardinellas nei - Sardinella spp,501940
Juan Fernandez trevally - Pseudocaranx chilensis,502100
Skipjack trevally - Pseudocaranx wrighti,502100
Scads nei - Decapterus spp,502102
Seabasses nei - Dicentrarchus spp,502682
Island grouper - Mycteroperca fusca,503028
Brazilian groupers nei - Mycteroperca spp,503028
Megrims nei - Lepidorhombus spp,503124
West African croakers nei - Pseudotolithus spp,503152
Vimba bream - Vimba vimba,503663
Liza spp,504212
Barracudinas nei - Paralepididae,505460
Dolichosudis fuliginosa,505460
Wolffishes (=Catfishes) nei - Anarhichas spp,505897
Lake(=Common) whitefish - Coregonus clupeaformis,506253
Whitefishes nei - Coregonus spp,506253
Bathyraja rays nei - Bathyraja spp,508611
Marbled electric ray - Torpedo marmorata,509274
Torpille noire - Torpedo nobilliana,509274
Torpedo rays - Torpedo spp,509274
River eels nei - Anguilla spp,509279
Forkbeards nei - Phycis spp,509303
Silver pomfrets nei - Pampus spp,520007
Cape Hope squid - Loligo reynaudi,590010
Common squids nei - Loligo spp,590010
African cuttlefish - Sepia bertheloti,590011
Elegant cuttlefish - Sepia elegans,590011
Pink cuttlefish - Sepia orbignyana,590011
Cuttlefishes nei - Sepia spp,590011
White-spotted octopus - Octopus macropus,590013
Cupped oysters nei - Crassostrea spp,590014
Musky octopus - Eledone moschata,590024
Horned and musky octopuses - Eledone spp,590024
Periwinkles nei - Littorina spp,590049
Murex - Murex spp,590050
Banded murex - Phyllonotus trunculus,590050
Plicate conch - Strombus labiatus,590051
Noble crayfish - Astacus astacus,590060
Sooty crayfish - Pacifastacus nigrescens,590060
Pink geryon - Chaceon macphersoni,590067
Mediterranean geryon - Geryon longipes,590067
West African geryon - Geryon maritae,590067
Red crab - Geryon quinquedens,590067
Geryons nei - Geryon spp,590067
"Deep-sea crabs, geryons nei",590067
King crabs nei - Lithodes spp,590070
King crabs - Paralithodes spp,590073
Smooth swimcrab - Liocarcinus vernalis,590075
Knobby swimcrab - Macropipus tuberculatus,590075
Portunus swimcrabs nei - Portunus spp,590075
Palinurid spiny lobster nei - Palinurus spp,590082
Crangon shrimps nei - Crangon spp,590088
Armed nylon shrimp - Heterocarpus ensifer,590090
Arrow shrimp - Plesionika heterocarpus,590090
Smooth nylon shrimp - Heterocarpus laevigatus,590090
Metapenaeus shrimps nei,590091
Palaemon shrimps nei,590092
Pandalus shrimps nei - Pandalus spp,590093
Redspotted shrimp - Penaeus brasiliensis,590096
Kuruma prawn - Penaeus japonicus,590096
Caramote prawn - Penaeus kerathurus,590096
Northern white shrimp - Penaeus setiferus,590096
Penaeus shrimps nei - Penaeus spp,590096
Southern brown shrimp - Penaeus subtilis,590096
Thickened nassa - Hinia incrassata,590110
Sea snails - Rapana spp,590111
Flat oysters nei - Ostrea spp,590112
Horse mussels nei - Modiolus spp,590116
Mytilus spp,590117
Scallop - Chlamys livida,590120
Queen scallop - Chlamys opercularis,590120
Variegated scallop - Chlamys varia,590120
"Scallops, pectens",590122
Ark clams nei - Arca spp,590125
Donax clams - Donax spp,590128
Truncate donax - Donax trunculus,590128
Mature dosinia - Dosinia exoleta,590129
Hard clams nei - Meretrix spp,590134
Carpet shells nei - Ruditapes spp,590141
Golden carpet shell - Venerupis aurea,590141
Razor clams nei - Solen spp,590145
Surf clams nei - Spisula spp,590146
Subtruncate surf clam - Spisula subtruncata,590146
Royal cucumber - Stichopus regalis,590157
Sea-urchins nei - Strongylocentrotus spp,590158
Jellyfishes - Rhopilema spp,590159
American slipper-limpet - Crepidula fornicata,590242
Limpets nei - Patella spp,590242
Rough limpet - Patella ulyssiponensis,590242
Limpet - Patella vulgata,590242
Tellins nei - Tellina spp,590262
Common dolphinfish - Coryphaena hippurus,600006
Argentine - Argentina sphyraena,600020
Atlantic herring - Clupea harengus,600024
Silvery pout - Gadiculus argenteus,600025
Witch flounder - Glyptocephalus cynoglossus,600026
Four-spot megrim - Lepidorhombus boscii,600027
Megrim - Lepidorhombus whiffiagonis,600028
Whiting - Merlangius merlangus,600029
European hake - Merluccius merluccius,600030
Blue whiting (=Poutassou) - Micromesistius poutassou,600031
Thickback sole - Microchirus variegatus,600032
Ling - Molva molva,600033
Pollack - Pollachius pollachius,600034
European eel - Anguilla anguilla,600035
Transparent goby - Aphia minuta,600039
Mediterranean scaldfish - Arnoglossus laterna,600041
Red gurnard - Chelidonichthys cuculus,600044
Sand smelt - Atherina presbyter,600045
Garfish - Belone belone,600047
Tusk (=Cusk) - Brosme brosme,600051
Boarfish - Capros aper,600054
Red bandfish - Cepola macrophthalma,600056
Mediterranean rainbow wrasse - Coris julis,600058
Corkwing wrasse - Symphodus melops,600059
Goldsinny-wrasse - Ctenolabrus rupestris,600061
Lumpfish(=Lumpsucker) - Cyclopterus lumpus,600062
European seabass - Dicentrarchus labrax,600063
European anchovy - Engraulis encrasicolus,600066
Grey gurnard - Eutrigla gurnardus,600068
Atlantic cod - Gadus morhua,600069
Crevalle jack - Caranx hippos,600071
Black goby - Gobius niger,600072
Blackbelly rosefish - Helicolenus dactylopteru,600076
Atlantic sailfish - Istiophorus albicans,600078
Green jobfish - Aprion virescens,600084
Deep-water red snapper - Etelis carbunculus,600087
Porbeagle - Lamna nasus,600088
Wahoo - Acanthocybium solandri,600089
Basking shark - Cetorhinus maximus,600090
Bullet tuna - Auxis rochei,600093
Frigate tuna - Auxis thazard,600094
Little tunny (=Atl.black skipjack) - Euthynnus alletteratus,600097
Allis shad - Alosa alosa,600101
Dogtooth tuna - Gymnosarda unicolor,600106
Skipjack tuna - Katsuwonus pelamis,600107
Plain bonito - Orcynopsis unicolor,600108
Atlantic bonito - Sarda sarda,600115
Blue mackerel - Scomber australasicus,600116
Chub mackerel - Scomber japonicus,600117
Atlantic mackerel - Scomber scombrus,600118
Narrow-barred Spanish mackerel - Scomberomorus commerson,600121
Greenland shark - Somniosus microcephalus,600138
Picked dogfish - Squalus acanthias,600139
Albacore - Thunnus alalunga,600142
Yellowfin tuna - Thunnus albacares,600143
Blackfin tuna - Thunnus atlanticus,600144
Southern bluefin tuna - Thunnus maccoyii,600145
Bigeye tuna - Thunnus obesus,600146
Atlantic bluefin tuna - Thunnus thynnus,600147
Common bluestripe snapper - Lutjanus kasmira,600156
Crimson jobfish - Pristipomoides filamentosus,600201
Bogue - Boops boops,600203
Salema - Sarpa salpa,600204
Wide-eyed flounder - Bothus podas,600207
Blue marlin - Makaira nigricans,600216
Black marlin - Makaira indica,600217
Atlantic white marlin - Tetrapturus albidus,600219
Longbill spearfish - Tetrapturus pfluegeri,600220
Striped marlin - Tetrapturus audax,600223
Swordfish - Xiphias gladius,600226
Bonefish - Albula vulpes,600228
Baird's slickhead - Alepocephalus bairdii,600230
Vendace - Coregonus albula,600231
European whitefish - Coregonus lavaretus,600232
Atlantic salmon - Salmo salar,600236
Sea trout - Salmo trutta,600238
Rainbow trout - Oncorhynchus mykiss,600239
Arctic char - Salvelinus alpinus,600247
Rudderfish - Centrolophus niger,600249
Imperial blackfish - Schedophilus ovalis,600250
Capelin - Mallotus villosus,600252
Deepsea smelt - Glossanodon semifasciatus,600257
Northern pike - Esox lucius,600258
Tench - Tinca tinca,600269
Crucian carp - Carassius carassius,600270
Roach - Rutilus rutilus,600272
Silver carp - Hypophthalmichthys molitrix,600274
Sichel - Pelecus cultratus,600283
Wels(=Som) Catfish - Silurus glanis,600289
European conger - Conger conger,600301
Tadpole codling - Salilota australis,600306
Greenland cod - Gadus ogac,600309
Burbot - Lota lota,600310
Red hake - Urophycis chuss,600312
White hake - Urophycis tenuis,600313
Atlantic tomcod - Microgadus tomcod,600316
Alaska pollock (=Walleye poll.) - Theragra chalcogramma,600318
Polar cod - Boreogadus saida,600319
Senegalese hake - Merluccius senegalensis,600321
Southern hake - Merluccius australis,600322
Silver hake - Merluccius bilinearis,600323
Argentine hake - Merluccius hubbsi,600325
Patagonian grenadier - Macruronus magellanicus,600329
Roughhead grenadier - Macrourus berglax,600331
Roundnose grenadier - Coryphaenoides rupestris,600332
Longspine snipefish - Macroramphosus scolopax,600333
Orange roughy - Hoplostethus atlanticus,600334
Silvery John dory - Zenopsis conchifer,600336
Atlantic silverside - Menidia menidia,600339
Wreckfish - Polyprion americanus,600349
Hapuku wreckfish - Polyprion oxygeneios,600350
Striped bass - Morone saxatilis,600353
White perch - Morone americana,600355
European perch - Perca fluviatilis,600358
Pike-perch - Stizostedion lucioperca,600360
Black seabass - Centropristis striata,600361
Great Northern tilefish - Lopholatilus chamaeleonticeps,600362
Bluefish - Pomatomus saltatrix,600364
Yellowtail amberjack - Seriola lalandi,600382
Atlantic bumper - Chloroscombrus chrysurus,600385
Bigeye scad - Selar crumenophthalmus,600387
Atlantic pomfret - Brama brama,600391
Spotted seabass - Dicentrarchus punctatus,600394
Rubberlip grunt - Plectorhinchus mediterraneus,600398
Silver grunt - Pomadasys argenteus,600399
Bigeye grunt - Brachydeuterus auritus,600400
Squeteague (=Gray weakfish) - Cynoscion regalis,600406
Meagre - Argyrosomus regius,600418
Boe drum - Pteroscion peli,600423
White grouper - Epinephelus aeneus,600426
Silver croaker - Pennahia argentatus,600434
Red pandora - Pagellus bellottii,600436
Large-eye dentex - Dentex macrophthalmus,600438
Common dentex - Dentex dentex,600439
Angolan dentex - Dentex angolensis,600440
Scup - Stenotomus chrysops,600452
West African goatfish - Pseudupeneus prayensis,600453
Patagonian toothfish - Dissostichus eleginoides,600467
Eelpout - Zoarces viviparus,600479
Poor cod - Trisopterus minutus,600481
Kingklip - Genypterus capensis,600485
Bearded brotula - Brotula barbata,600486
Snoek - Thyrsites atun,600489
Golden redfish - Sebastes marinus,600501
Beaked redfish - Sebastes mentella,600505
Greenland halibut - Reinhardtius hippoglossoides,600516
Yellowtail flounder - Limanda ferruginea,600521
Winter flounder - Pseudopleuronectes americanus,600524
Common sole - Solea solea,600525
Wedge sole - Dicologoglossa cuneata,600526
Brill - Scophthalmus rhombus,600529
Threadsail filefish - Stephanolepis cirrhifer,600531
American angler - Lophius americanus,600532
Ballan wrasse - Labrus bergylta,600572
Sharpnose sevengill shark - Heptranchias perlo,600636
Bluntnose sixgill shark - Hexanchus griseus,600637
Bramble shark - Echinorhinus brucus,600641
Silver scabbardfish - Lepidopus caudatus,600645
Black scabbardfish - Aphanopus carbo,600646
Gulper shark - Centrophorus granulosus,600648
Lowfin gulper shark - Centrophorus lusitanicus,600650
Leafscale gulper shark - Centrophorus squamosus,600653
Black dogfish - Centroscyllium fabricii,600656
Portuguese dogfish - Centroscymnus coelolepis,600662
Longnose velvet dogfish - Centroscymnus crepidater,600663
Kitefin shark - Dalatias licha,600669
Birdbeak dogfish - Deania calcea,600670
Rough longnose dogfish - Deania histricosa,600671
Velvet belly - Etmopterus spinax,600687
Leerfish - Lichia amia,600692
Common dab - Limanda limanda,600695
Knifetooth dogfish - Scymnodon ringens,600700
Little sleeper shark - Somniosus rostratus,600704
Sand steenbras - Lithognathus mormyrus,600706
Longnose spurdog - Squalus blainvillei,600708
Angler(=Monk) - Lophius piscatorius,600716
Angular rough shark - Oxynotus centrina,600718
Sailfin roughshark - Oxynotus paradoxus,600719
Angelshark - Squatina squatina,600736
Sand tiger shark - Odontaspis taurus,600747
Shortfin mako - Isurus oxyrinchus,600752
Silvery lightfish - Maurolicus muelleri,600754
Deep-water catsharks - Apristurus spp,600779
Flathead grey mullet - Mugil cephalus,600785
Red mullet - Mullus barbatus,600790
Blackmouth catshark - Galeus melastomus,600807
Mouse catshark - Galeus murinus,600808
Small-spotted catshark - Scyliorhinus canicula,600845
Saddled seabream - Oblada melanura,600850
Nursehound - Scyliorhinus stellaris,600854
Silvertip shark - Carcharhinus albimarginatus,600858
Silky shark - Carcharhinu falciform,600868
Oceanic whitetip shark - Carcharhinus longimanus,600875
Dusky shark - Carcharhinus obscurus,600878
Sandbar shark - Carcharhinus plumbeus,600880
Tiger shark - Galeocerdo cuvier,600886
Axillary seabream - Pagellus acarne,600889
Blackspot(=red) seabream - Pagellus bogaraveo,600890
Common pandora - Pagellus erythrinus,600893
Blue shark - Prionace glauca,600898
Whitetip reef shark - Triaenodon obesus,600907
Scalloped hammerhead - Sphyrna lewini,600912
Smooth hammerhead - Sphyrna zygaena,600917
Mackerel scad - Decapterus macarellus,600993
Pilotfish - Naucrates ductor,600998
White trevally - Pseudocaranx dentex,601002
Greater amberjack - Seriola dumerili,601005
Longfin yellowtail - Seriola rivoliana,601007
Flying gurnard - Dactylopterus volitans,601021
Norway pout - Trisopterus esmarkii,601023
Escolar - Lepidocybium flavobrunneum,601042
Round sardinella - Sardinella aurita,601043
Oilfish - Ruvettus pretiosus,601044
Madeiran sardinella - Sardinella maderensis,601047
Opah - Lampris guttatus,601072
Tripletail - Lobotes surinamensis,601077
Tarpon - Megalops atlanticus,601079
Atlantic saury - Scomberesox saurus,601084
Parassi mullet - Mugil incilis,601089
Glasseye - Heteropriacanthus cruentatus,601150
Gilthead seabream - Sparus aurata,601164
Acoupa weakfish - Cynoscion acoupa,601169
Blue butterfish - Stromateus fiatola,601198
Mottled grouper - Mycteroperca rubra,601214
Great barracuda - Sphyraena barracuda,601235
Mediterranean horse mackerel - Trachurus mediterraneus,601278
Blue jack mackerel - Trachurus picturatus,601279
Largehead hairtail - Trichiurus lepturus,601288
Shi drum - Umbrina cirrosa,601306
Alfonsino - Beryx decadactylus,601319
Splendid alfonsino - Beryx splendens,601320
Surmullet - Mullus surmuletus,601327
European smelt - Osmerus eperlanus,601334
Sand sole - Solea lascaris,601336
Greater forkbeard - Phycis blennoides,601340
European flounder - Platichthys flesus,601341
European plaice - Pleuronectes platessa,601342
Saithe(=Pollock) - Pollachius virens,601343
Turbot - Psetta maxima,601348
European pilchard(=Sardine) - Sardina pilchardus,601350
Comber - Serranus cabrilla,601353
Black seabream - Spondyliosoma cantharus,601356
European sprat - Sprattus sprattus,601357
Greater weever - Trachinus draco,601363
Atlantic horse mackerel - Trachurus trachurus,601365
Tub gurnard - Chelidonichthys lucerna,601366
Pouting (=Bib) - Trisopterus luscus,601367
John dory - Zeus faber,601370
Atlantic halibut - Hippoglossus hippoglossus,601371
Haddock - Melanogrammus aeglefinus,601381
Lemon sole - Microstomus kitt,601382
Blue ling - Molva dypterygia,601383
Deepwater longtail red snapper - Etelis coruscans,601385
Yellow snapper - Lutjanus argentiventris,601408
Common carp - Cyprinus carpio,601450
Red-eye round herring - Etrumeus teres,601455
Goldstripe sardinella - Sardinella gibbosa,601508
Blueback shad - Alosa aestivalis,601574
Caspian shad - Alosa caspia,601577
Alewife - Alosa pseudoharengus,601583
West African ilisha - Ilisha africana,601625
Swallowtail seaperch - Anthias anthias,601692
Big-scale sand smelt - Atherina boyeri,601696
Damselfish - Chromis chromis,601706
Brown meagre - Sciaena umbra,601707
Large-scaled gurnard - Lepidotrigla cavillone,601722
Mediterranean moray - Muraena helena,601729
Brown moray - Gymnothorax unicolor,601730
Ocean sunfish - Mola mola,601732
Spanish ling - Molva macrophthalma,601733
Spanish Ling - Molva macrophthalma,601733
Common mora - Mora moro,601734
Golden grey mullet - Liza aurata,601735
Leaping mullet - Liza saliens,601736
Forkbeard - Phycis phycis,601747
Sharpsnout seabream - Diplodus puntazzo,601749
Annular seabream - Diplodus annularis,601752
White seabream - Diplodus sargus,601753
Common two-banded seabream - Diplodus vulgaris,601754
Red porgy - Pagrus pagrus,601756
Black scorpionfish - Scorpaena porcus,601758
Red scorpionfish - Scorpaena scrofa,601759
Painted comber - Serranus scriba,601761
European barracuda - Sphyraena sphyraena,601765
Picarel - Spicara smaris,601766
Pompano - Trachinotus ovatus,601773
Stargazer - Uranoscopus scaber,601779
Monrovia doctorfish - Acanthurus monroviae,601800
Mediterranean spearfish - Tetrapturus belone,601823
Deep-water Cape hake - Merluccius paradoxus,601826
Sky emperor - Lethrinus mahsena,601843
Alexandria pompano - Alectis alexandrinus,601888
Vadigo - Campogramma glaycos,601894
False scad - Caranx rhonchus,601899
Yellowspotted trevally - Carangoides fulvoguttatus,601926
Blue runner - Caranx crysos,601933
Blue antimora - Antimora rostrata,602005
Red codling - Pseudophycis bachus,602020
Blue skate - Raja batis,602058
Thornback ray - Raja clavata,602059
Common stingray - Dasyatis pastinaca,602060
Sturgeon - Acipenser sturio,602066
Beluga - Huso huso,602067
Three-spined stickleback - Gasterosteus aculeatus,602420
Zebra seabream - Diplodus cervinus,602497
Bermuda sea chub - Kyphosus sectatrix,602498
Thicklip grey mullet - Chelon labrosus,602499
Ornate wrasse - Thalassoma pavo,602500
Atlantic wolffish - Anarhichas lupus,602501
Rabbit fish - Chimaera monstrosa,602503
Black cardinal fish - Epigonus telescopus,602508
Sea lamprey - Petromyzon marinus,602530
Bigeye thresher - Alopias superciliosus,602534
Thresher - Alopias vulpinus,602535
Brown smooth-hound - Mustelus henlei,602540
Roughtail stingray - Dasyatis centroura,602572
Spiny butterfly ray - Gymnura altavela,602577
Ratfishes nei - Hydrolagus spp,602589
Greater argentine - Argentina silus,602700
Orfe (=Ide) - Leuciscus idus,602801
Rudd - Scardinius erythrophthalmus,602951
Cobia - Rachycentron canadum,603542
Northern wolffish - Anarhichas denticulatus,603810
Spotted wolffish - Anarhichas minor,603811
Shortbill spearfish - Tetrapturus angustirostris,603915
Atlantic thornyhead - Trachyscorpia cristulata,604011
Fourhorn sculpin - Triglopsis quadricornis,604122
American plaice(=Long rough dab) - Hippoglossoides platessoides,604239
Cuckoo ray - Raja naevus,604326
Spotted ray - Raja montagui,604329
Common eagle ray - Myliobatis aquila,604330
Ruffe - Gymnocephalus cernuu,604474
Pink dentex - Dentex gibbosus,604536
Morocco dentex - Dentex maroccanus,604538
Canary dentex - Dentex canariensis,604539
Bluespotted seabream - Sparus caeruleostictus,604540
Marbled spinefoot - Siganus rivulatus,604545
Canary drum (=Baardman) - Umbrina canariensis,604548
Blonde ray - Raja brachyura,604552
Roughsnout grenadier - Trachyrincus scabrus,604556
Pearly razorfish - Xyrichtys novacula,604581
Brown wrasse - Labrus merula,604582
Thinlip grey mullet - Liza ramada,604583
Dusky spinefoot - Siganus luridus,604613
Tope shark - Galeorhinus galeus,604642
Sompat grunt - Pomadasys jubelini,604708
Asp - Aspius aspius,604783
So-iuy mullet - Mugil soiuy,604791
Pickhandle barracuda - Sphyraena jello,604827
Blotched picarel - Spicara maena,604887
Spotted flounder - Citharus linguatula,604943
West African ladyfish - Elops lacerta,604959
Mediterranean slimehead - Hoplostethus mediterraneus,604964
Smooth-hound - Mustelus mustelus,604996
Common Atlantic grenadier - Nezumia aequalis,604997
Bastard grunt - Pomadasys incisus,605003
Offshore rockfish - Pontinus kuhlii,605007
Roudi escolar - Promethichthys prometheus,605008
Law croaker - Pseudotolithus senegallus,605009
Brown ray - Raja miraletus,605014
Piper gurnard - Trigla lyra,605038
Redbanded seabream - Pagrus auriga,605066
Spiny turbot - Psettodes bennettii,605068
Risso's smooth-head - Alepocephalus rostratus,605071
Streaked gurnard - Chelidonichthys lastoviza,605081
Blackbellied angler - Lophius budegassa,605094
Snaggletooth - Borostomias antarcticus,605098
Blacktip grouper - Epinephelus fasciatus,605348
Comet grouper - Epinephelus morrhua,605353
Yellow-edged lyretail - Variola louti,605354
Twaite shad - Alosa fallax,605355
Lusitanian toadfish - Halobatrachus didactylus,605429
Bluespotted cornetfish - Fistularia commersonii,605444
Small-eyed ray - Raja microocellata,605492
Brassy chub - Kyphosus vaigiensis,605806
Crocodile shark - Pseudocarcharias kamoharai,605923
Spotted estuary smooth-hound - Mustelus lenticulatus,605933
Starry smoothhound - Mustelus asterias,605938
Yellowstripe goatfish - Mulloidichthys flavolineatus,605983
Sailray - Raja lintea,606422
Coral hind - Cephalopholis miniata,606450
Tomato hind - Cephalopholis sonnerati,606454
Dusky grouper - Epinephelus marginatus,606470
Antarctic starry skate - Raja georgiana,606953
Smalleye moray cod - Muraenolepis microps,607126
Grey triggerfish - Balistes capriscus,607327
Stout beardfish - Polymixia nobilis,607557
White skate - Raja alba,607613
Sandy ray - Raja circularis,607614
Longnosed skate - Raja oxyrinchus,607616
Undulate ray - Raja undulata,607617
Devil fish - Mobula mobular,607618
Shagreen ray - Raja fullonica,607619
Halfspined flathead - Sorsogona prionota,607897
African striped grunt - Parapristipoma octolinea,608092
Intermediate scabbardfish - Aphanopus intermedius,608540
Senegalese sole - Solea senegalensis,608852
Norwegian skate - Raja nidarosiensis,608900
Mediterranean starry ray - Raja asterias,608924
Spectrunculus grandis,608991
Large-eyed rabbitfish - Hydrolagus mirabilis,609000
Straightnose rabbitfish - Rhinochimaera atlantica,609005
Sharktooth moray - Gymnothorax maderensis,609033
Dogtooth grouper - Epinephelus caninus,609217
Arctic skate - Raja hyperborea,609256
Longtail Southern cod - Patagonotothen ramsayi,610308
Canary damsel - Abudefduf luridus,611820
Parrotfish - Sparisoma cretense,613025
Westralian jewfish - Glaucosoma hebraicum,614956
Knout goby - Mesogobius batrachocephalus,616305
Spiny scorpionfish - Trachyscorpia echinata,617286
Aesop shrimp - Pandalus montagui,690003
Argentine shortfin squid - Illex argentinus,690023
Atlantic bay scallop - Argopecten irradians,690030
Atlantic seabob - Xiphopenaeus kroyeri,690032
Surf clam - Spisula solidissima,690033
Barnacle - Mitella pollicipes,690043
Blue and red shrimp - Aristeus antennatus,690051
Blue mussel - Mytilus edulis,690053
Broadtail shortfin squi - Illex coindetii,690059
European squid - Loligo vulgaris,690067
Caribbean spiny lobster - Panulirus argus,690071
Common cuttlefish - Sepia officinalis,690085
Common octopus - Octopus vulgaris,690088
Common periwinkle - Littorina littorea,690089
Common prawn - Palaemon serratus,690090
Common shrimp - Crangon crangon,690091
Common spiny lobster - Palinurus elephas,690092
Deepwater rose shrimp - Parapenaeus longirostris,690109
Edible crab - Cancer pagurus,690119
European edible sea-urchin - Echinus esculentus,690122
European flat oyster - Ostrea edulis,690123
European flying squid - Todarodes sagittatus,690124
European lobster - Homarus gammarus,690125
European razor clam - Solen marginatus,690126
Giant tiger prawn - Penaeus monodon,690151
Great Atlantic scallop - Pecten maximus,690156
Great Mediterranean scallop - Pecten jacobaeus,690157
Green crab - Carcinus maenas,690158
Grooved carpet shell - Tapes decussatus,690166
Grooved sea-squirt - Microcosmus sulcatus,690167
Icelandic scallop - Chlamys islandica,690185
Japanese carpet shell - Ruditapes philippinarum,690196
Manila clam - Corbicula manilensis,690233
Mediterranean mussel - Mytilus galloprovincialis,690241
Mediterranean shore craB - Carcinus aestuarii,690242
New Zealand scallop - Pecten novaezelandiae,690259
Northern prawn - Pandalus borealis,690269
Northern quahog(=Hard clam) - Mercenaria mercenaria,690270
Northern shortfin squid - Illex illecebrosus,690271
Norway lobster - Nephrops norvegicus,690273
Ocean quahog - Arctica islandica,690275
Pacific cupped oyster - Crassostrea gigas,690283
Patagonian squid - Loligo gahi,690296
Pink spiny lobster - Palinurus mauritanicus,690305
Queen crab - Chionoecetes opilio,690313
Red starfish - Asterias rubens,690324
Royal spiny lobster - Panulirus regius,690336
Soft clam - Mya arenaria,690337
Scarlet shrimp - Plesiopenaeus edwardsian,690343
Sevenstar flying squid - Martialia hyadesi,690354
Spinous spider crab - Maja squinado,690387
Spottail mantis squillid - Squilla mantis,690392
Stone king crab - Lithodes maia,690399
Stony sea-urchin - Paracentrotus lividus,690400
Striped red shrimp - Aristeus varidens,690403
Striped venus - Chamelea gallina,690404
Tuberculate abalone - Haliotis tuberculata,690420
Velvet swimcrab - Necora puber,690425
Weathervane scallop - Patinopecten caurinus,690429
Whelk - Buccinum undatum,690434
Neon flying squid - Ommastrephes bartrami,690470
Veined squid - Loligo forbesi,690595
Mediterranean slipper lobster - Scyllarides latus,690598
Common edible cockle - Cerastoderma edule,690605
Red king crab - Paralithodes camtschaticus,690621
Carpet shell - Venerupis pullastra,690630
Oval surf clam - Spisula ovalis,690631
Solid surf clam - Spisula solida,690671
Banded carpet shell - Venerupis rhomboides,690675
Blue-leg swimcrab - Liocarcinus depurator,690676
Common European bittersweet - Glycymeris glycymeris,690678
Delta prawn - Palaemon longirostris,690680
Giant red shrimp - Aristaeomorpha foliacea,690683
Horned octopus - Eledone cirrosa,690684
Knobbed triton - Charonia rubicunda,690685
Peppery furrow - Scrobicularia plana,690687
Purple dye murex - Bolinus brandaris,690689
Smooth callista - Callista chione,690690
Warty venus - Venus verrucosa,690693
Tuberculate cockle - Acanthocardia tuberculata,690752
Deep-sea red crab - Chaceon affinis,690753
Pod razor shell - Ensis ensis,690754
Sword razor shell - Ensis siliqua,690755
Norwegian egg cockle - Laevicardium crassum,690756
Atlantic ditch shrimp - Palaemonetes varians,690758
Bean solen - Pharus legumen,690759
Spanner crab - Ranina ranina,690883
Thomas' rapa whelk - Rapana venosa,690897
"ABALONE, BLACK",590046
"ABALONE, GREEN",590046
"ABALONE, PINK",590046
"ABALONE, RED",690317
"ABALONE, WHITE",590046
ABALONES,490020
ANGELFISHES,400460
ARCTIC CHAR,600247
ARGENTINES,500147
AUSTRALIAN ROCKLING,600482
"BASS, LONGTAIL",502682
BLACKSMITH,400350
BUTTERFLYFISHES,400343
CAPELIN,600252
"CLAM, ARC, BLOOD",690050
"CLAM, ARCTIC SURF (STIMPSON)",690398
"CLAM, ATLANTIC RANGIA",490063
"CLAM, CALIFORNIA JACKKNIFE",590130
"CLAM, SUNRAY VENUS",490060
"CLAM, VARIABLE COQUINA",590128
CONEY,608816
"CRAB, BLUE, PEELER",690052
"CRAB, BLUE, SOFT",690052
"CRAB, BLUE, SOFT AND PEELER",690052
"CRAB, CANCER",490097
"CRAB, DEEPSEA GOLDEN",590067
"CRAB, DEEPSEA RED",690320
"CRAB, FLORIDA STONE CLAWS",490097
"CRAB, RED PA",490097
"CRAB, SNOW/TANNER",590065
"CRAB, SPIDER",490097
CRABS,490097
CRAYFISHES OR CRAWFISHES,590060
CUSK-EELS,400186
DOLLY VARDEN,602691
"DRUM,BANDED",400331
"EEL, MORAYS",500384
"FINFISHES, GROUNDFISHES, OTHER",100139
"FINFISHES, MARINE, ORNAMENTAL",100139
"FINFISHES, PELAGIC, OTHER",100139
"FINFISHES, UNC SPAWN",100139
FLYINGFISHES,400206
"GOOSEFISH, BLACKFIN",601078
"GROUPER, GOLIATH",600016
"GROUPER, MARBLED",400289
"GROUPER, MISTY",601206
"GROUPER, NASSAU",600018
"HAKE, SILVER (OFFSHORE MIXED)",600323
"HAKE, SOUTHERN",600322
HALFMOON,400339
"HERRING, ROUND",601455
"HERRING, SEA",300028
HOUNDFISH,600977
INCONNU,602692
JELLYFISH,290013
"LAMPREY, PACIFIC",400001
"LAMPREY, SEA",602530
LUMPFISH,600062
MACKEREL (SCOMBER),500142
"MARLIN, BLACK",600217
"MARLIN, WHITE",600219
"NEEDLEFISH, ATLANTIC",400207
OPALEYE,603594
PACIFIC SIERRA,600136
PADDLEFISH,100021
"PERCH, YELLOW",400306
PILOTFISH,600998
"POMPANO, PACIFIC",600493
"PORGY, KNOBBED",501551
"PORGY, WHITEBONE",501551
PORKFISH,400327
QUEENFISH,500468
RAYS,300063
"ROCK BASSES, PACIFIC",603979
"ROCKFISH, BRONZESPOTTED",501135
"ROCKFISH, COWCOD",501135
"ROCKFISH, HONEYCOMB",501135
"ROCKFISH, PINK",501135
"ROCKFISH, PINKROSE",501135
"ROCKFISH, SHARPCHIN",501135
"ROCKFISH, STRIPETAIL",501135
"ROCKFISH, SWORDSPINE",501135
"ROUGHY, BIG",400236
"SALMON, ATLANTIC",600236
"SALMON, PACIFIC",502724
SAND PERCH,601203
"SAURY, PACIFIC",600303
"SAWFISH, SMALLTOOTH",400016
"SCAD, ROUGH",600369
"SCALLOP, CALICO",690065
"SCALLOP, ICELAND",690185
"SCALLOP, WEATHERVANE",690429
SCALLOPS,490055
"SCORPIONFISH, SPOTTED",500134
"SEA BASS, BANK",400289
SHADS (NK),500352
"SHARK, ATLANTIC ANGEL",400015
"SHARK, BIGNOSE",400011
"SHARK, DUSKY",600878
"SHARK, LONGFIN MAKO",600753
"SHARK, NIGHT",400011
"SHARK, NURSE",602532
"SHARK, OCEANIC WHITETIP",600875
"SHARK, SMOOTH HAMMERHEAD",600917
"SHARK, WHITE",600751
"SHRIMP, BAY",690091
"SHRIMP,ATLANTIC & GULF,ROUGHNECK",490043
"SKATE, BIG",500108
"SKATE, CALIFORNIA",500108
"SMELT, WHITEBAIT",400080
SNAKE MACKEREL,400414
SNAPPER CARIBBEAN RED,600171
"SNAPPER, MAHOGANY",500357
"SNAPPER, SCHOOLMASTER",601404
SNOOK,500504
"SOLE, C-O",400441
"SOLE, FANTAIL",400441
SOLES,400441
SPANISH FLAG,500357
SPOTTED CABRILLA,400289
"SQUID, JUMBO",690206
"SQUID, ROBUST CLUBHOOK",590337
STARFISH,290010
"STURGEON, GREEN",602592
STURGEONS,400032
"THORNYHEAD, LONGSPINE",400264
"TILEFISH, BLACKLINE",400308
"TILEFISH, GOLDFACE",400308
"TOMCOD, ATLANTIC",600316
"TOMCOD, PACIFIC",601879
"TRIGGERFISH, OCEAN",604278
"TRIGGERFISH, QUEEN",400445
TRIGGERFISHES,400445
"TROUT, BROWN",602083
"TUNA, BLACK SKIPJACK",400416
WENCHMAN,502124
"WHITEFISH, OCEAN",603539
Australian salmon,605048
Australian sardine,601477
Barramundi,600346
Bream,400330
Coral trout,604826
Dories,400249
Flathead,400273
Gemfish,400414
Ling,600033
Mullet,400359
Orange roughy,600334
Sharks b,200007
Spanish mackerel,600121
Tuna,501905
Whiting,600029
Crabs,490097
Prawns,100045
Rock lobster,690039
Abalone,590046
Octopus,390007
Pipi,690688
Scallops,590403
Squid,390002
Abalones nei - Haliotis spp,590046
African red snapper - Lutjanus agennes,500357
Antarctic toothfish - Dissostichus mawsoni,607039
Antarctic toothfishes nei - Dissostichus spp,504872
Asian redtail catfish - Mystus nemurus,0
Atlantic emperor - Lethrinus atlanticus,601867
Atlantic Spanish mackerel - Scomberomorus maculatus,600126
Baleen whales nei - Mysticeti,0
Benguela hake - Merluccius polli,600327
Biglip grunt - Plectorhinchus macrolepis,609908
Blachea xenobranchialis,400062
Bleak - Alburnus alburnus,0
"Blue-whales, fin-whales",0
Blue crab - Callinectes sapidus,690052
Bluefishes nei - Pomatomidae,600364
Bodianus spp,400362
Brazilian codling - Urophycis brasiliensis,600311
Brittle pen shell - Atrina fragilis,290004
Brown sea catfish - Selenaspis dowii,400145
Brown seaweeds,0
Brown seaweeds - Phaeophyceae,0
Butterfly kingfish - Gasterochisma melampus,600100
Butterfly rays nei - Gymnura spp,200004
Calanus finmarchicus,0
Canary tonguesole - Cynoglossus canariensis,501026
Cape gurnard - Chelidonichthys capensis,605504
Cape horse mackerel - Trachurus capensis,605382
Cape redfish - Sebastes capensis,600506
Carragheen (Irish moss) - Chondrus crispus,0
Cassava croaker - Pseudotolithus senegalensis,600432
Cataetyx laticeps,400186
Chilean jack mackerel - Trachurus murphyi,600367
Chinese river crab - Eriocheir sinensis,490097
Common dolphin - Delphinus delphis,0
Corals,0
"Crabs, sea-spiders",0
Crossocheilus latius,0
Crustaceans and molluscs,0
Crystal goby - Crystallogobius linearis,400405
Cunene horse mackerel - Trachurus trecae,600371
Cusk-eels nei - Genypterus spp,502417
Dealfish - Trachipterus arcticus,603265
Dealfishes - Trachipterus spp,500211
Devil anglerfish - Lophius vomerinus,610256
"Eared seals, hair seals, walruses",0
Ellopostoma megalomycter,0
"Euro-American crayfishes nei - Astacidae, Cambaridae",0
Exasperating jujubine - Jujubinus exasperatus,0
Finfish and invertebrates,0
Four-spotted goby - Deltentosteus quadrimaculatus,400405
Freshwater and diadromous fishes,100025
Freshwater bream - Abramis brama,0
Freshwater breams nei - Abramis spp,0
Freshwater crustaceans,0
Freshwater fishes,0
Freshwater fishes nei - Osteichthyes,0
Freshwater molluscs,0
Fucus spp,0
Gafftopsail sea catfish - Bagre marinus,400145
Golden perch - Macquaria ambigua,0
Goldfish - Carassius auratus,0
Grass goby - Zosterisessor ophiocephalus,400405
Great white shark - Carcharodon carcharias,600751
Green seaweeds,0
Green seaweeds - Chlorophyceae,0
Green tiger prawn - Penaeus semisulcatus,690163
Greenish glauconomya - Glauconome virens,490060
Guinea shrimp - Parapenaeopsis atlantica,690168
Guinean sole - Synaptura cadenati,400441
"Hammerhead sharks etc, nei - Sphyrnidae",400012
Henslows swimming crab - Polybius henslowii,490031
Imperial scaldfish - Arnoglossus imperialis,400439
Indian white prawn - Penaeus indicus,690189
Japanese isinglass - Gelidium amansii,0
Kawakawa - Euthynnus affinis,600096
King crab - Lithodes ferox,690211
King mackerel - Scomberomorus cavalla,600120
Knife shrimp - Haliporoides triarthrus,690215
Labio monodont - Monodonta labio,390011
Lampadena speculigera,400167
Lobsters nei - Reptantia,390013
Longfin codling - Laemonema longipes,602014
Longfin mako - Isurus paucus,600753
Longfin squid - Loligo pealei,590010
Lowfin scorpionfish - Scorpaenodes parvipinnis,500134
Luvar - Luvarus imperialis,0
Maja spider crabs nei,490097
Marine turtles nei - Testudinata,0
Marine worms - Polychaeta,0
Marphysa sanguinea,0
Meagres nei - Argyrosomus spp,400331
Meagres nei - Sciaena spp,400331
Mediterranean dealfish - Trachipterus trachipterus,601777
Melanostigma spp,0
Merluccid hakes nei - Merlucciidae,500654
Minke whale - Balaenoptera acutorostra,0
Miscellaneous aquatic animal products,0
Miscellaneous aquatic animals,0
Miscellaneous aquatic mammals,0
Miscellaneous aquatic plants,0
Miscellaneous coastal fishes,0
Miscellaneous demersal fishes,0
Miscellaneous freshwater fishes,0
Miscellaneous pelagic fishes,0
Monkfishes nei - Lophius spp,500112
Mozambique lobster - Metanephrops mozambicus,690249
Mud sole - Austroglossus pectoralis,600528
Noah's ark - Arca noae,490056
Northern lucina - Lucinoma borealis,290004
Ocellated wedge sole - Dicologlossa hexophthalma,600526
Pacific coral moss - Jania adhaerens,0
Pargo breams nei - Pagrus spp,500903
Paromola - Paromola cuvieri,490097
Parrot grunt - Pomadasys perotaei,500516
Patagonian hake - Merluccius patagonicus,500654
Percoids nei - Percoidei,300060
Perinereis spp,0
Pink glass shrimp - Pasiphaea multidentata,390013
"Pomfrets, ocean breams nei - Bramidae",400319
Potamotrygon laticeps,0
Pseudaphya ferreri,400405
Rainbow gudgeon - Sarcocheilichthys nigripinnis,0
Rainbow runner - Elagatis bipinnulata,600412
Ratfish - Hydrolagus colliei,602589
Red harpoon - Asparagopsis armata,0
Red seaweeds,0
Red seaweeds - Rhodophyceae,0
Red swamp crawfish - Procambarus clarkii,0
Ribboned nori - Porphyra linearis,0
Ribbonfishes - Trachipteridae,500211
River eels,0
River lamprey - Lampetra fluviatilis,0
Roaches nei - Rutilus spp,600272
Rockpool prawn - Palaemon elegans,590092
Roughear scad - Decapterus tabl,502102
Round goby - Neogobius melanostomus,400405
Rugose mactra - Eastonia rugosa,0
Saburon helmet - Phalium saburon,290006
"Salmons, trouts, smelts",0
Salps - Salpidae,0
Sand goby - Pomatoschistus minutus,400405
Sea chubs nei - Kyphosus spp,500477
Sea thong - Himanthalia elongata,0
Seaweeds nei - Algae,0
Shallow-water Cape hake - Merluccius capensis,601828
Shortspine African angler - Lophius vaillanti,604988
Sio nordenskjoeldii,0
Slender sunfish,500358
Slickheads nei - Alepocephalus spp,400086
Smallfin gulper shark - Centrophorus moluccensis,300009
Sockeye(=Red)salmon - Oncorhynchus nerka,600243
Southern meagre(=Mulloway) - Argyrosomus hololepidotus,600419
Southern pink shrimp - Penaeus notialis,690378
Southern rays bream - Brama australis,654793
Southwest Atlantic butterfish - Stromateus brasiliensis,612930
Spaniblennius riodourensis,622620
Speckled shrimp - Metapenaeus monoceros,690383
"Sperm-whales, pilot-whales",0
Spottail spiny turbot - Psettodes belcheri,604504
Striate pisania,290006
Striped bonito - Sarda orientalis,600114
Swimcrabs nei - Callinectes spp,590062
Symbolophorus barnardi,616720
Tangle - Laminaria digitata,0
Thorny tinselfish - Grammicolepis brachiusculus,0
Threadfin rockling - Gaidropsarus ensis,608425
Tilapias and other cichlids,0
Toadfishes nei - Batrachoides spp,400189
Tonguefishes - Cynoglossidae,400442
Topknot - Zeugopterus punctatus,400515
Trisopterus nei,400183
Trough shells nei - Mactra spp,490063
"True lobsters,lobsterettes nei - Nephropidae",390013
Tube-eye - Stylephorus chordatus,0
Turtles,0
Tusked goby - Risor ruber,400405
Two-row rock shell - Thais haemastoma,290006
Two-spotted goby  - Gobiusculus flavescens,400405
Unclassified,0
Unihorn octopus - Scaeurgus unicirrhus,490012
Vairone - Leuciscus souffia,100011
Wakame - Undaria pinnatifida,0
Western king prawn - Penaeus latisulcatus,690432
White barbel - Galeichthys feliceps,600288
White bream - Blicca bjoerkna,0
White glass shrimp - Pasiphaea sivado,390013
Yellowfin river pellona - Pellona flavipinnis,0
