Species,CommonName,Name,T1
"Abalones, winkles, conchs","Abalones, winkles, conchs","Abalones, winkles, conchs",390011
 Cynoscion acoupa,Acoupa weakfish ,Acoupa weakfish - Cynoscion acoupa,601169
 Solea impar,Adriatic sole ,Adriatic sole - Solea impar,500618
 Pandalus montagui,Aesop shrimp ,Aesop shrimp - Pandalus montagui,690003
 Peristedion cataphractum,African armoured searobin ,African armoured searobin - Peristedion cataphractum,400581
 Sepia bertheloti,African cuttlefish ,African cuttlefish - Sepia bertheloti,590011
 Alloteuthis africana,African squid ,African squid - Alloteuthis africana,390002
 Parapristipoma octolinea,African striped grunt ,African striped grunt - Parapristipoma octolinea,608092
 Theragra chalcogramma,Alaska pollock (=Walleye poll.) ,Alaska pollock (=Walleye poll.) - Theragra chalcogramma,600318
 Thunnus alalunga,Albacore ,Albacore - Thunnus alalunga,600142
 Alosa pseudoharengus,Alewife ,Alewife - Alosa pseudoharengus,601583
 Alectis alexandrinus,Alexandria pompano ,Alexandria pompano - Alectis alexandrinus,601888
 Beryx decadactylus,Alfonsino ,Alfonsino - Beryx decadactylus,601319
 Berycidae,"Alfonsinos etc, nei ","Alfonsinos etc, nei - Berycidae",400240
 Beryx spp,Alfonsinos nei ,Alfonsinos nei - Beryx spp,501129
" Alosa alosa, A.fallax",Allis and twaid shads ,"Allis and twaid shads - Alosa alosa, A.fallax",500352
 Alosa alosa,Allis shad ,Allis shad - Alosa alosa,600101
Alloteuthis spp,Alloteuthis spp,Alloteuthis spp,490010
 Seriola spp,Amberjacks nei ,Amberjacks nei - Seriola spp,500928
 Lophius americanus,American angler ,American angler - Lophius americanus,600532
 Hippoglossoides platessoides,American plaice(=Long rough dab) ,American plaice(=Long rough dab) - Hippoglossoides platessoides,604239
limpet ,American slipper,American slipper-limpet - Crepidula fornicata,590242
 Squatina squatina,Angelshark ,Angelshark - Squatina squatina,600736
 Squatinidae,"Angelsharks, Sand devils, nei ","Angelsharks, Sand devils, nei - Squatinidae",400015
 Lophius piscatorius,Angler(=Monk) ,Angler(=Monk) - Lophius piscatorius,600716
 Lophiidae,Anglerfishes nei ,Anglerfishes nei - Lophiidae,400190
 Dentex angolensis,Angolan dentex ,Angolan dentex - Dentex angolensis,600440
 Oxynotus centrina,Angular rough shark ,Angular rough shark - Oxynotus centrina,600718
 Diplodus annularis,Annular seabream ,Annular seabream - Diplodus annularis,601752
 Lampadena anoma,Anomalous lanternfish ,Anomalous lanternfish - Lampadena anoma,400167
 Anomura,Anomuran decapods nei ,Anomuran decapods nei - Anomura,100000
 Arctocephalus gazella,Antarctic fur seal ,Antarctic fur seal - Arctocephalus gazella,
 Raja georgiana,Antarctic starry skate ,Antarctic starry skate - Raja georgiana,606953
Anthozoa,Anthozoa,Anthozoa,100000
Aphanopus spp,Aphanopus spp,Aphanopus spp,100000
Aquatic animals,Aquatic animals,Aquatic animals,100000
 Invertebrata,Aquatic invertebrates nei ,Aquatic invertebrates nei - Invertebrata,100077
Aquatic mammals,Aquatic mammals,Aquatic mammals,
Aquatic plants,Aquatic plants,Aquatic plants,NA
 Liocarcinus arcuatus,Arched swimming crab ,Arched swimming crab - Liocarcinus arcuatus,490031
 Salvelinus alpinus,Arctic char ,Arctic char - Salvelinus alpinus,600247
 Raja hyperborea,Arctic skate ,Arctic skate - Raja hyperborea,609256
 Argentina sphyraena,Argentine ,Argentine - Argentina sphyraena,600020
 Merluccius hubbsi,Argentine hake ,Argentine hake - Merluccius hubbsi,600325
 Illex argentinus,Argentine shortfin squid ,Argentine shortfin squid - Illex argentinus,690023
 Argentina spp,Argentines ,Argentines - Argentina spp,500147
 Aristeidae,Aristeid shrimps nei ,Aristeid shrimps nei - Aristeidae,490042
 Arca spp,Ark clams nei ,Ark clams nei - Arca spp,590125
 Heterocarpus ensifer,Armed nylon shrimp ,Armed nylon shrimp - Heterocarpus ensifer,590090
 Plesionika heterocarpus,Arrow shrimp ,Arrow shrimp - Plesionika heterocarpus,590090
 Deania profundorum,Arrowhead dogfish ,Arrowhead dogfish - Deania profundorum,300009
 Mystus nemurus,Asian redtail catfish ,Asian redtail catfish - Mystus nemurus,NA
 Aspius aspius,Asp ,Asp - Aspius aspius,604783
 Argopecten irradians,Atlantic bay scallop ,Atlantic bay scallop - Argopecten irradians,690030
 Thunnus thynnus,Atlantic bluefin tuna ,Atlantic bluefin tuna - Thunnus thynnus,600147
 Sarda sarda,Atlantic bonito ,Atlantic bonito - Sarda sarda,600115
 Chloroscombrus chrysurus,Atlantic bumper ,Atlantic bumper - Chloroscombrus chrysurus,600385
 Gadus morhua,Atlantic cod ,Atlantic cod - Gadus morhua,600069
 Palaemonetes varians,Atlantic ditch shrimp ,Atlantic ditch shrimp - Palaemonetes varians,690758
 Gobius spp,Atlantic gobies nei ,Atlantic gobies nei - Gobius spp,400405
 Hippoglossus hippoglossus,Atlantic halibut ,Atlantic halibut - Hippoglossus hippoglossus,601371
 Clupea harengus,Atlantic herring ,Atlantic herring - Clupea harengus,600024
 Trachurus trachurus,Atlantic horse mackerel ,Atlantic horse mackerel - Trachurus trachurus,601365
 Synodus saurus,Atlantic lizardfish ,Atlantic lizardfish - Synodus saurus,400160
 Scomber scombrus,Atlantic mackerel ,Atlantic mackerel - Scomber scombrus,600118
 Solenocera membranacea,Atlantic mud shrimp ,Atlantic mud shrimp - Solenocera membranacea,100045
 Brama brama,Atlantic pomfret ,Atlantic pomfret - Brama brama,600391
 Sebastes spp,Atlantic redfishes nei ,Atlantic redfishes nei - Sebastes spp,501135
 Istiophorus albicans,Atlantic sailfish ,Atlantic sailfish - Istiophorus albicans,600078
 Salmo salar,Atlantic salmon ,Atlantic salmon - Salmo salar,600236
 Scomberesox saurus,Atlantic saury ,Atlantic saury - Scomberesox saurus,601084
 Xiphopenaeus kroyeri,Atlantic seabob ,Atlantic seabob - Xiphopenaeus kroyeri,690032
 Prionotus spp,Atlantic searobins ,Atlantic searobins - Prionotus spp,500495
 Menidia menidia,Atlantic silverside ,Atlantic silverside - Menidia menidia,600339
 Melanostigma atlanticum,Atlantic soft pout ,Atlantic soft pout - Melanostigma atlanticum,NA
 Trachyscorpia cristulata,Atlantic thornyhead ,Atlantic thornyhead - Trachyscorpia cristulata,604011
 Microgadus tomcod,Atlantic tomcod ,Atlantic tomcod - Microgadus tomcod,600316
 Tetrapturus albidus,Atlantic white marlin ,Atlantic white marlin - Tetrapturus albidus,600219
 Anarhichas lupus,Atlantic wolffish ,Atlantic wolffish - Anarhichas lupus,602501
 Galeus boardmani,Australian sawtail catshark ,Australian sawtail catshark - Galeus boardmani,500640
 Pagellus acarne,Axillary seabream ,Axillary seabream - Pagellus acarne,600889
 Alepocephalus bairdii,Baird's slickhead ,Baird's slickhead - Alepocephalus bairdii,600230
 Mysticeti,Baleen whales nei ,Baleen whales nei - Mysticeti,NA
 Labrus bergylta,Ballan wrasse ,Ballan wrasse - Labrus bergylta,600572
 Venerupis rhomboides,Banded carpet shell ,Banded carpet shell - Venerupis rhomboides,690675
 Phyllonotus trunculus,Banded murex ,Banded murex - Phyllonotus trunculus,NA
 Mitella pollicipes,Barnacle ,Barnacle - Mitella pollicipes,690043
 Sphyraenidae,"Barracudas etc, nei ","Barracudas etc, nei - Sphyraenidae",400360
 Sphyraena spp,Barracudas nei ,Barracudas nei - Sphyraena spp,500372
 Paralepididae,Barracudinas nei ,Barracudinas nei - Paralepididae,505460
 Cetorhinus maximus,Basking shark ,Basking shark - Cetorhinus maximus,600090
 Pomadasys incisus,Bastard grunt ,Bastard grunt - Pomadasys incisus,605003
 Bathyraja spp,Bathyraja rays nei ,Bathyraja rays nei - Bathyraja spp,NA
 Batoidimorpha (Hypotremata),Batoid fishes nei ,Batoid fishes nei - Batoidimorpha (Hypotremata),NA
 Sebastes mentella,Beaked redfish ,Beaked redfish - Sebastes mentella,NA
 Pharus legumen,Bean solen ,Bean solen - Pharus legumen,NA
 Brotula barbata,Bearded brotula ,Bearded brotula - Brotula barbata,NA
 Huso huso,Beluga ,Beluga - Huso huso,NA
 Kyphosus sectatrix,Bermuda sea chub ,Bermuda sea chub - Kyphosus sectatrix,NA
scale pomfret ,Big,Big-scale pomfret - Taractichthys longipinnis,NA
scale sand smelt ,Big,Big-scale sand smelt - Atherina boyeri,NA
 Brachydeuterus auritus,Bigeye grunt ,Bigeye grunt - Brachydeuterus auritus,NA
 Selar crumenophthalmus,Bigeye scad ,Bigeye scad - Selar crumenophthalmus,NA
 Alopias superciliosus,Bigeye thresher ,Bigeye thresher - Alopias superciliosus,NA
 Thunnus obesus,Bigeye tuna ,Bigeye tuna - Thunnus obesus,NA
 Priacanthus spp,Bigeyes nei ,Bigeyes nei - Priacanthus spp,NA
 Priacanthidae,"Bigeyes,Glasseyes,Bulleyes, nei ","Bigeyes,Glasseyes,Bulleyes, nei - Priacanthidae",NA
 Anchovia macrolepidota,Bigscale anchovy ,Bigscale anchovy - Anchovia macrolepidota,NA
 Deania calcea,Birdbeak dogfish ,Birdbeak dogfish - Deania calcea,NA
 Epigonus telescopus,Black cardinal fish ,Black cardinal fish - Epigonus telescopus,NA
 Zeugopterus punctatus,Black catfishes nei ,Black catfishes nei - Zeugopterus punctatus,NA
 Zeugopterus punctatus,Topknot ,Topknot - Zeugopterus punctatus,NA
 Centroscyllium fabricii,Black dogfish ,Black dogfish - Centroscyllium fabricii,NA
 Gobius niger,Black goby ,Black goby - Gobius niger,NA
 Makaira indica,Black marlin ,Black marlin - Makaira indica,NA
 Aphanopus carbo,Black scabbardfish ,Black scabbardfish - Aphanopus carbo,NA
 Scorpaena porcus,Black scorpionfish ,Black scorpionfish - Scorpaena porcus,NA
 Alosa maeotica,Black Sea shad ,Black Sea shad - Alosa maeotica,NA
 Arbacia lixula,Black sea urchin ,Black sea urchin - Arbacia lixula,NA
 Centropristis striata,Black seabass ,Black seabass - Centropristis striata,NA
 Spondyliosoma cantharus,Black seabream ,Black seabream - Spondyliosoma cantharus,NA
 Hirundichthys rondeletii,Black wing flyingfish ,Black wing flyingfish - Hirundichthys rondeletii,NA
 Lophius budegassa,Blackbellied angler ,Blackbellied angler - Lophius budegassa,NA
 Helicolenus dactylopteru,Blackbelly rosefish ,Blackbelly rosefish - Helicolenus dactylopteru,NA
 Thunnus atlanticus,Blackfin tuna ,Blackfin tuna - Thunnus atlanticus,NA
 Galeus melastomus,Blackmouth catshark ,Blackmouth catshark - Galeus melastomus,NA
 Pagellus bogaraveo,Blackspot(=red) seabream ,Blackspot(=red) seabream - Pagellus bogaraveo,NA
hound ,Blackspotted smooth,Blackspotted smooth-hound - Mustelus punctulatus,NA
hound ,Brown smooth,Brown smooth-hound - Mustelus henlei,NA
hound ,Smooth,Smooth-hound - Mustelus mustelus,NA
hound ,Spotted estuary smooth,Spotted estuary smooth-hound - Mustelus lenticulatus,NA
 Serranus atricauda,Blacktail comber ,Blacktail comber - Serranus atricauda,NA
 Epinephelus fasciatus,Blacktip grouper ,Blacktip grouper - Epinephelus fasciatus,NA
 Alburnus alburnus,Bleak ,Bleak - Alburnus alburnus,NA
 Raja brachyura,Blonde ray ,Blonde ray - Raja brachyura,NA
 Spicara maena,Blotched picarel ,Blotched picarel - Spicara maena,NA
and,Blue,Blue-and-yellow grouper - Epinephelus flavocaeruleus,NA
leg swimcrab ,Blue,Blue-leg swimcrab - Liocarcinus depurator,NA
"whales, fin",Blue,"Blue-whales, fin-whales",NA
 Aristeus antennatus,Blue and red shrimp ,Blue and red shrimp - Aristeus antennatus,NA
 Antimora rostrata,Blue antimora ,Blue antimora - Antimora rostrata,NA
 Stromateus fiatola,Blue butterfish ,Blue butterfish - Stromateus fiatola,NA
 Trachurus picturatus,Blue jack mackerel ,Blue jack mackerel - Trachurus picturatus,NA
 Molva dypterygia,Blue ling ,Blue ling - Molva dypterygia,NA
 Scomber australasicus,Blue mackerel ,Blue mackerel - Scomber australasicus,NA
 Makaira nigricans,Blue marlin ,Blue marlin - Makaira nigricans,NA
 Mytilus edulis,Blue mussel ,Blue mussel - Mytilus edulis,NA
 Caranx crysos,Blue runner ,Blue runner - Caranx crysos,NA
 Prionace glauca,Blue shark ,Blue shark - Prionace glauca,NA
 Raja batis,Blue skate ,Blue skate - Raja batis,NA
 Micromesistius poutassou,Blue whiting (=Poutassou) ,Blue whiting (=Poutassou) - Micromesistius poutassou,NA
 Alosa aestivalis,Blueback shad ,Blueback shad - Alosa aestivalis,NA
 Pomatomus saltatrix,Bluefish ,Bluefish - Pomatomus saltatrix,NA
 Fistularia commersonii,Bluespotted cornetfish ,Bluespotted cornetfish - Fistularia commersonii,NA
 Sparus caeruleostictus,Bluespotted seabream ,Bluespotted seabream - Sparus caeruleostictus,NA
 Hexanchus griseus,Bluntnose sixgill shark ,Bluntnose sixgill shark - Hexanchus griseus,NA
 Stomias boa,Boa dragonfish ,Boa dragonfish - Stomias boa,NA
 Capros aper,Boarfish ,Boarfish - Capros aper,NA
 Caproidae,Boarfishes nei ,Boarfishes nei - Caproidae,NA
Bodianus spp,Bodianus spp,Bodianus spp,NA
 Pteroscion peli,Boe drum ,Boe drum - Pteroscion peli,NA
 Boops boops,Bogue ,Bogue - Boops boops,NA
 Albula vulpes,Bonefish ,Bonefish - Albula vulpes,NA
 Sarda spp,Bonitos nei ,Bonitos nei - Sarda spp,NA
 Minnivola pyxidata,Box scallop ,Box scallop - Minnivola pyxidata,NA
 Oedalechilus labeo,Boxlip mullet ,Boxlip mullet - Oedalechilus labeo,NA
Brachypterois serrulata,Brachypterois serrulata,Brachypterois serrulata,NA
 Echinorhinus brucus,Bramble shark ,Bramble shark - Echinorhinus brucus,NA
 Kyphosus vaigiensis,Brassy chub ,Brassy chub - Kyphosus vaigiensis,NA
 Mycteroperca spp,Brazilian groupers nei ,Brazilian groupers nei - Mycteroperca spp,NA
 Scophthalmus rhombus,Brill ,Brill - Scophthalmus rhombus,NA
 Gonostomatidae,Bristlemouths ,Bristlemouths - Gonostomatidae,NA
 Atrina fragilis,Brittle pen shell ,Brittle pen shell - Atrina fragilis,NA
 Illex coindetii,Broadtail shortfin squi ,Broadtail shortfin squi - Illex coindetii,NA
 Serranus hepatus,Brown comber ,Brown comber - Serranus hepatus,NA
 Sciaena umbra,Brown meagre ,Brown meagre - Sciaena umbra,NA
 Gymnothorax unicolor,Brown moray ,Brown moray - Gymnothorax unicolor,NA
 Raja miraletus,Brown ray ,Brown ray - Raja miraletus,NA
 Selenaspis dowii,Brown sea catfish ,Brown sea catfish - Selenaspis dowii,NA
Brown seaweeds,Brown seaweeds,Brown seaweeds,NA
 Phaeophyceae,Brown seaweeds ,Brown seaweeds - Phaeophyceae,NA
 Labrus merula,Brown wrasse ,Brown wrasse - Labrus merula,NA
 Gobius bucchichi,Bucchich's goby ,Bucchich's goby - Gobius bucchichi,NA
 Auxis rochei,Bullet tuna ,Bullet tuna - Auxis rochei,NA
 Lota lota,Burbot ,Burbot - Lota lota,NA
 Stromateidae,"Butterfishes, Pomfrets, nei ","Butterfishes, Pomfrets, nei - Stromateidae",NA
 Blennius ocellaris,Butterfly blenny ,Butterfly blenny - Blennius ocellaris,NA
 Amblygobius albimaculatus,Butterfly goby ,Butterfly goby - Amblygobius albimaculatus,NA
 Abudefduf luridus,Canary damsel ,Canary damsel - Abudefduf luridus,NA
 Dentex canariensis,Canary dentex ,Canary dentex - Dentex canariensis,NA
 Umbrina canariensis,Canary drum (=Baardman) ,Canary drum (=Baardman) - Umbrina canariensis,NA
" Merluccius capensis,M.paradox.",Cape hakes ,"Cape hakes - Merluccius capensis,M.paradox.",NA
 Loligo reynaudi,Cape Hope squid ,Cape Hope squid - Loligo reynaudi,NA
 Mallotus villosus,Capelin ,Capelin - Mallotus villosus,NA
 Penaeus kerathurus,Caramote prawn ,Caramote prawn - Penaeus kerathurus,NA
 Carangidae,Carangids nei ,Carangids nei - Carangidae,NA
 Carcinus spp,Carcinus crabs nei ,Carcinus crabs nei - Carcinus spp,NA
 Apogon imberbis,Cardinal fish ,Cardinal fish - Apogon imberbis,NA
 Epigonus spp,Cardinal fishes nei ,Cardinal fishes nei - Epigonus spp,NA
 Apogonidae,"Cardinalfishes etc, nei ","Cardinalfishes etc, nei - Apogonidae",NA
 Panulirus argus,Caribbean spiny lobster ,Caribbean spiny lobster - Panulirus argus,NA
 Venerupis pullastra,Carpet shell ,Carpet shell - Venerupis pullastra,NA
 Ruditapes spp,Carpet shells nei ,Carpet shells nei - Ruditapes spp,NA
"Carps, barbels and other cyprinids","Carps, barbels and other cyprinids","Carps, barbels and other cyprinids",NA
 Chondrus crispus,Carragheen (Irish moss) ,Carragheen (Irish moss) - Chondrus crispus,NA
 Chondrichthyes,Cartilaginous fishes nei ,Cartilaginous fishes nei - Chondrichthyes,NA
 Alosa caspia,Caspian shad ,Caspian shad - Alosa caspia,NA
 Caspialosa spp,Caspian shads ,Caspian shads - Caspialosa spp,NA
Cataetyx laticeps,Cataetyx laticeps,Cataetyx laticeps,NA
 Scyliorhinidae,"Catsharks etc, nei ","Catsharks etc, nei - Scyliorhinidae",NA
 Scyliorhinus spp,"Catsharks,Nursehounds, nei ","Catsharks,Nursehounds, nei - Scyliorhinus spp",NA
 Cephalopoda,Cephalopods nei ,Cephalopods nei - Cephalopoda,NA
 Circomphalus casinus,Chamber venus ,Chamber venus - Circomphalus casinus,NA
 Nassarius mutabilis,Changeable nassa ,Changeable nassa - Nassarius mutabilis,NA
 Salvelinus spp,Chars nei ,Chars nei - Salvelinus spp,NA
Cheilopogon heterurus,Cheilopogon heterurus,Cheilopogon heterurus,NA
 Chimaeriformes,"Chimaeras etc, nei ","Chimaeras etc, nei - Chimaeriformes",NA
 Eriocheir sinensis,Chinese river crab ,Chinese river crab - Eriocheir sinensis,NA
 leuciscus cepalus,Chub ,Chub - leuciscus cepalus,NA
 Scomber japonicus,Chub mackerel ,Chub mackerel - Scomber japonicus,NA
 Citharidae,Citharids nei ,Citharids nei - Citharidae,NA
 Bivalvia,"Clams etc, nei ","Clams etc, nei - Bivalvia",NA
"Clams, cockles, arkshells","Clams, cockles, arkshells","Clams, cockles, arkshells",NA
 Clupeoidei,Clupeoids nei ,Clupeoids nei - Clupeoidei,NA
 Rachycentron canadum,Cobia ,Cobia - Rachycentron canadum,NA
 Cardiidae,Cockles nei ,Cockles nei - Cardiidae,NA
"Cods, hakes, haddocks","Cods, hakes, haddocks","Cods, hakes, haddocks",NA
 Serranus cabrilla,Comber ,Comber - Serranus cabrilla,NA
 Serranus spp,Combers nei ,Combers nei - Serranus spp,NA
 Blenniidae,Combtooth blennies ,Combtooth blennies - Blenniidae,NA
 Epinephelus morrhua,Comet grouper ,Comet grouper - Epinephelus morrhua,NA
 Nezumia aequalis,Common Atlantic grenadier ,Common Atlantic grenadier - Nezumia aequalis,NA
 Lutjanus kasmira,Common bluestripe snapper ,Common bluestripe snapper - Lutjanus kasmira,NA
 Sepietta oweniana,Common bobtail squid ,Common bobtail squid - Sepietta oweniana,NA
 Cyprinus carpio,Common carp ,Common carp - Cyprinus carpio,NA
 Sepia officinalis,Common cuttlefish ,Common cuttlefish - Sepia officinalis,NA
 Limanda limanda,Common dab ,Common dab - Limanda limanda,NA
 Leuciscus leuciscus,Common dace ,Common dace - Leuciscus leuciscus,NA
 Dentex dentex,Common dentex ,Common dentex - Dentex dentex,NA
 Coryphaena hippurus,Common dolphinfish ,Common dolphinfish - Coryphaena hippurus,NA
 Myliobatis aquila,Common eagle ray ,Common eagle ray - Myliobatis aquila,NA
 Cerastoderma edule,Common edible cockle ,Common edible cockle - Cerastoderma edule,NA
 Glycymeris glycymeris,Common European bittersweet ,Common European bittersweet - Glycymeris glycymeris,NA
 Aurelia aurita,Common jellyfish ,Common jellyfish - Aurelia aurita,NA
 Mora moro,Common mora ,Common mora - Mora moro,NA
 Octopus vulgaris,Common octopus ,Common octopus - Octopus vulgaris,NA
 Pagellus erythrinus,Common pandora ,Common pandora - Pagellus erythrinus,NA
 Littorina littorea,Common periwinkle ,Common periwinkle - Littorina littorea,NA
 Pholas dactylus,Common piddock ,Common piddock - Pholas dactylus,NA
 Palaemon serratus,Common prawn ,Common prawn - Palaemon serratus,NA
 Crangon crangon,Common shrimp ,Common shrimp - Crangon crangon,NA
 Solea solea,Common sole ,Common sole - Solea solea,NA
 Palinurus elephas,Common spiny lobster ,Common spiny lobster - Palinurus elephas,NA
 Loligo spp,Common squids nei ,Common squids nei - Loligo spp,NA
 Dasyatis pastinaca,Common stingray ,Common stingray - Dasyatis pastinaca,NA
banded seabream ,Common two,Common two-banded seabream - Diplodus vulgaris,NA
 Congridae,"Conger eels etc, nei ","Conger eels etc, nei - Congridae",NA
 Conger spp,Conger eels nei ,Conger eels nei - Conger spp,NA
 Cephalopholis miniata,Coral hind ,Coral hind - Cephalopholis miniata,NA
Corals,Corals,Corals,NA
 Symphodus melops,Corkwing wrasse ,Corkwing wrasse - Symphodus melops,NA
 Venerupis corrugata,Corrugated venus ,Corrugated venus - Venerupis corrugata,NA
spiders,"Crabs, sea","Crabs, sea-spiders",NA
 Crangon spp,Crangon shrimps nei ,Crangon shrimps nei - Crangon spp,NA
 Crangonidae,Crangonid shrimps ,Crangonid shrimps - Crangonidae,NA
 Galatheidae,"Craylets,squat lobsters ","Craylets,squat lobsters - Galatheidae",NA
tail catsharks nei ,Crest,Crest-tail catsharks nei - Galeus spp,NA
 Caranx hippos,Crevalle jack ,Crevalle jack - Caranx hippos,NA
 Pristipomoides filamentosus,Crimson jobfish ,Crimson jobfish - Pristipomoides filamentosus,NA
 Sciaenidae,"Croakers,Drums, nei ","Croakers,Drums, nei - Sciaenidae",NA
 Pseudocarcharias kamoharai,Crocodile shark ,Crocodile shark - Pseudocarcharias kamoharai,NA
Crossocheilus latius,Crossocheilus latius,Crossocheilus latius,NA
 Carassius carassius,Crucian carp ,Crucian carp - Carassius carassius,NA
Crustaceans,Crustaceans,Crustaceans,290022
Crustaceans and molluscs,Crustaceans and molluscs,Crustaceans and molluscs,NA
 Raja naevus,Cuckoo ray ,Cuckoo ray - Raja naevus,NA
 Labrus bimaculatus,Cuckoo wrasse ,Cuckoo wrasse - Labrus bimaculatus,NA
 Crassostrea spp,Cupped oysters nei ,Cupped oysters nei - Crassostrea spp,NA
 Centracanthus cirrus,Curled picarel ,Curled picarel - Centracanthus cirrus,NA
" Sepiidae, Sepiolidae","Cuttlefish, Bobtail squids, nei ","Cuttlefish, Bobtail squids, nei - Sepiidae, Sepiolidae",NA
 Sepia spp,Cuttlefishes nei ,Cuttlefishes nei - Sepia spp,NA
 Chromis chromis,Damselfish ,Damselfish - Chromis chromis,NA
"sea crabs, geryons nei",Deep,"Deep-sea crabs, geryons nei",NA
sea red crab ,Deep,Deep-sea red crab - Chaceon affinis,NA
water Cape hake ,Deep,Deep-water Cape hake - Merluccius paradoxus,NA
water catsharks ,Deep,Deep-water catsharks - Apristurus spp,NA
water red snapper ,Deep,Deep-water red snapper - Etelis carbunculus,NA
 Bathysolea profundicola,Deep water sole ,Deep water sole - Bathysolea profundicola,NA
 Glossanodon semifasciatus,Deepsea smelt ,Deepsea smelt - Glossanodon semifasciatus,NA
 Etelis coruscans,Deepwater longtail red snapper ,Deepwater longtail red snapper - Etelis coruscans,NA
 Parapenaeus longirostris,Deepwater rose shrimp ,Deepwater rose shrimp - Parapenaeus longirostris,NA
 Palaemon longirostris,Delta prawn ,Delta prawn - Palaemon longirostris,NA
 Perciformes,Demersal percomorphs nei ,Demersal percomorphs nei - Perciformes,NA
 Perciformes,Pelagic percomorphs nei ,Pelagic percomorphs nei - Perciformes,NA
 Dentex spp,Dentex nei ,Dentex nei - Dentex spp,NA
 Mobula mobular,Devil fish ,Devil fish - Mobula mobular,NA
Diadromous fishes,Diadromous fishes,Diadromous fishes,100025
 Thysanoteuthis rhombus,Diamondback squid ,Diamondback squid - Thysanoteuthis rhombus,NA
Diploconger polystigmatus,Diploconger polystigmatus,Diploconger polystigmatus,NA
 Squaliformes,"Dogfish sharks etc, nei ","Dogfish sharks etc, nei - Squaliformes",NA
 Squalidae,Dogfish sharks nei ,Dogfish sharks nei - Squalidae,NA
 Squalus spp,Dogfishes nei ,Dogfishes nei - Squalus spp,NA
" Squalidae, Scyliorhinidae","Dogfishes,Hounds, nei ","Dogfishes,Hounds, nei - Squalidae, Scyliorhinidae",NA
 Epinephelus caninus,Dogtooth grouper ,Dogtooth grouper - Epinephelus caninus,NA
 Gymnosarda unicolor,Dogtooth tuna ,Dogtooth tuna - Gymnosarda unicolor,NA
Dolichosudis fuliginosa,Dolichosudis fuliginosa,Dolichosudis fuliginosa,NA
 Coryphaenidae,Dolphinfishes nei ,Dolphinfishes nei - Coryphaenidae,NA
 Donax spp,Donax clams ,Donax clams - Donax spp,NA
 Zeidae,Dories nei ,Dories nei - Zeidae,NA
 Callionymus lyra,Dragonet ,Dragonet - Callionymus lyra,NA
 Cubiceps gracilis,Driftfish ,Driftfish - Cubiceps gracilis,NA
 Umbrina spp,Drums nei ,Drums nei - Umbrina spp,NA
 Epinephelus marginatus,Dusky grouper ,Dusky grouper - Epinephelus marginatus,NA
 Carcharhinus obscurus,Dusky shark ,Dusky shark - Carcharhinus obscurus,NA
 Siganus luridus,Dusky spinefoot ,Dusky spinefoot - Siganus luridus,NA
 Sepiola rondeleti,Dwarf bobtail squid ,Dwarf bobtail squid - Sepiola rondeleti,NA
 Galeus schultzi,Dwarf sawtail catshark ,Dwarf sawtail catshark - Galeus schultzi,NA
 Myliobatidae,Eagle rays ,Eagle rays - Myliobatidae,NA
"Eared seals, hair seals, walruses","Eared seals, hair seals, walruses","Eared seals, hair seals, walruses",NA
 Echinodermata,Echinoderms ,Echinoderms - Echinodermata,NA
 Cancer pagurus,Edible crab ,Edible crab - Cancer pagurus,NA
 Zoarces viviparus,Eelpout ,Eelpout - Zoarces viviparus,NA
 Lycodes spp,Eelpouts ,Eelpouts - Lycodes spp,NA
 Torpedinidae,Electric rays nei ,Electric rays nei - Torpedinidae,NA
 Sepia elegans,Elegant cuttlefish ,Elegant cuttlefish - Sepia elegans,NA
Ellopostoma megalomycter,Ellopostoma megalomycter,Ellopostoma megalomycter,NA
Emerald wrasse,Emerald wrasse,Emerald wrasse,NA
 Lethrinidae,Emperors(=Scavengers) nei ,Emperors(=Scavengers) nei - Lethrinidae,NA
 Lepidocybium flavobrunneum,Escolar ,Escolar - Lepidocybium flavobrunneum,NA
 Engraulis encrasicolus,European anchovy ,European anchovy - Engraulis encrasicolus,NA
 Sphyraena sphyraena,European barracuda ,European barracuda - Sphyraena sphyraena,NA
 Alloteuthis subulata,European common squid ,European common squid - Alloteuthis subulata,NA
 Conger conger,European conger ,European conger - Conger conger,NA
urchin ,European edible sea,European edible sea-urchin - Echinus esculentus,NA
urchin ,Stony sea,Stony sea-urchin - Paracentrotus lividus,NA
 Anguilla anguilla,European eel ,European eel - Anguilla anguilla,NA
 Ostrea edulis,European flat oyster ,European flat oyster - Ostrea edulis,NA
 Platichthys flesus,European flounder ,European flounder - Platichthys flesus,NA
 Todarodes sagittatus,European flying squid ,European flying squid - Todarodes sagittatus,NA
 Merluccius merluccius,European hake ,European hake - Merluccius merluccius,NA
 Homarus gammarus,European lobster ,European lobster - Homarus gammarus,NA
 Perca fluviatilis,European perch ,European perch - Perca fluviatilis,NA
 Sardina pilchardus,European pilchard(=Sardine) ,European pilchard(=Sardine) - Sardina pilchardus,NA
 Pleuronectes platessa,European plaice ,European plaice - Pleuronectes platessa,NA
 Acanthocardia echinata,European prickly cockle ,European prickly cockle - Acanthocardia echinata,NA
 Solen marginatus,European razor clam ,European razor clam - Solen marginatus,NA
 Dicentrarchus labrax,European seabass ,European seabass - Dicentrarchus labrax,NA
 Osmerus eperlanus,European smelt ,European smelt - Osmerus eperlanus,NA
 Sprattus sprattus,European sprat ,European sprat - Sprattus sprattus,NA
 Loligo vulgaris,European squid ,European squid - Loligo vulgaris,NA
 Coregonus lavaretus,European whitefish ,European whitefish - Coregonus lavaretus,NA
 Jujubinus exasperatus,Exasperating jujubine ,Exasperating jujubine - Jujubinus exasperatus,NA
 Caranx rhonchus,False scad ,False scad - Caranx rhonchus,NA
 Enchelycore anatina,Fangtooth moray ,Fangtooth moray - Enchelycore anatina,NA
 Cantherhines (=Navodon) spp,Filefishes nei ,Filefishes nei - Cantherhines (=Navodon) spp,NA
 Monacanthidae,"Filefishes, leatherjackets nei ","Filefishes, leatherjackets nei - Monacanthidae",NA
Finfish,Finfish,Finfish,NA
Finfish and invertebrates,Finfish and invertebrates,Finfish and invertebrates,NA
 Osteichthyes,Finfishes nei ,Finfishes nei - Osteichthyes,NA
 Osteichthyes,Freshwater fishes nei ,Freshwater fishes nei - Osteichthyes,NA
 Osteichthyes,Groundfishes nei ,Groundfishes nei - Osteichthyes,NA
 Osteichthyes,Marine fishes nei ,Marine fishes nei - Osteichthyes,NA
 Osteichthyes,Pelagic fishes nei ,Pelagic fishes nei - Osteichthyes,NA
 Ostreidae,Flat and cupped oysters nei ,Flat and cupped oysters nei - Ostreidae,NA
 Ostrea spp,Flat oysters nei ,Flat oysters nei - Ostrea spp,NA
 Pleuronectiformes,Flatfishes nei ,Flatfishes nei - Pleuronectiformes,NA
 Mugil cephalus,Flathead grey mullet ,Flathead grey mullet - Mugil cephalus,NA
 Dilsea carnosa,Fleshy dilsea ,Fleshy dilsea - Dilsea carnosa,NA
"Flounders, halibuts, soles","Flounders, halibuts, soles","Flounders, halibuts, soles",NA
 Fistularia spp,Flutemouth ,Flutemouth - Fistularia spp,NA
 Dactylopterus volitans,Flying gurnard ,Flying gurnard - Dactylopterus volitans,NA
 Ommastrephes spp,Flying squids nei ,Flying squids nei - Ommastrephes spp,NA
 Exocoetidae,Flyingfishes nei ,Flyingfishes nei - Exocoetidae,NA
 Phycis phycis,Forkbeard ,Forkbeard - Phycis phycis,NA
 Phycis spp,Forkbeards nei ,Forkbeards nei - Phycis spp,NA
spot megrim ,Four,Four-spot megrim - Lepidorhombus boscii,NA
spotted goby ,Four,Four-spotted goby - Deltentosteus quadrimaculatus,NA
 Triglopsis quadricornis,Fourhorn sculpin ,Fourhorn sculpin - Triglopsis quadricornis,NA
Freshwater and diadromous fishes,Freshwater and diadromous fishes,Freshwater and diadromous fishes,NA
 Abramis brama,Freshwater bream ,Freshwater bream - Abramis brama,NA
 Abramis spp,Freshwater breams nei ,Freshwater breams nei - Abramis spp,NA
Freshwater crustaceans,Freshwater crustaceans,Freshwater crustaceans,NA
Freshwater fishes,Freshwater fishes,Freshwater fishes,NA
Freshwater molluscs,Freshwater molluscs,Freshwater molluscs,NA
" Auxis thazard, A.rochei",Frigate and bullet tuna ,"Frigate and bullet tuna - Auxis thazard, A.rochei",NA
 Auxis thazard,Frigate tuna ,Frigate tuna - Auxis thazard,NA
Fucus spp,Fucus spp,Fucus spp,NA
 Umbrina ronchus,Fusca drum ,Fusca drum - Umbrina ronchus,NA
 Gadiformes,Gadiformes nei ,Gadiformes nei - Gadiformes,NA
 Belone belone,Garfish ,Garfish - Belone belone,NA
 Gastropoda,Gastropods nei ,Gastropods nei - Gastropoda,NA
Gelidium rex,Gelidium rex,Gelidium rex,NA
 Gelidium spp,Gelidium seaweeds ,Gelidium seaweeds - Gelidium spp,NA
 Geryon spp,Geryons nei ,Geryons nei - Geryon spp,NA
 Gobius cobitis,Giant goby ,Giant goby - Gobius cobitis,NA
 Aristaeomorpha foliacea,Giant red shrimp ,Giant red shrimp - Aristaeomorpha foliacea,NA
 Penaeus monodon,Giant tiger prawn ,Giant tiger prawn - Penaeus monodon,NA
 Nassarius gibbosulus,Gibbous nassa ,Gibbous nassa - Nassarius gibbosulus,NA
 Gilchristella aestuarius,Gilchrist's round herring ,Gilchrist's round herring - Gilchristella aestuarius,NA
 Sparus aurata,Gilthead seabream ,Gilthead seabream - Sparus aurata,NA
 Actinia cari,Girdle anemone ,Girdle anemone - Actinia cari,NA
 Heteropriacanthus cruentatus,Glasseye ,Glasseye - Heteropriacanthus cruentatus,NA
 Hymenocephalus italicus,Glasshead grenadier ,Glasshead grenadier - Hymenocephalus italicus,NA
 Mullidae,"Goatfishes,Red mullets, nei ","Goatfishes,Red mullets, nei - Mullidae",NA
 Gobiidae,Gobies nei ,Gobies nei - Gobiidae,NA
Gobius strictus,Gobius strictus,Gobius strictus,NA
 Epinephelus costae,Goldblotch grouper ,Goldblotch grouper - Epinephelus costae,NA
 Venerupis aurea,Golden carpet shell ,Golden carpet shell - Venerupis aurea,NA
 Liza aurata,Golden grey mullet ,Golden grey mullet - Liza aurata,NA
 Sebastes marinus,Golden redfish ,Golden redfish - Sebastes marinus,NA
 Plesionika martia,Golden shrimp ,Golden shrimp - Plesionika martia,NA
 Carassius auratus,Goldfish ,Goldfish - Carassius auratus,NA
wrasse ,Goldsinny,Goldsinny-wrasse - Ctenolabrus rupestris,NA
 Sardinella gibbosa,Goldstripe sardinella ,Goldstripe sardinella - Sardinella gibbosa,NA
 Ctenopharyngodon idellus,Grass carp (=White amur) ,Grass carp (=White amur) - Ctenopharyngodon idellus,NA
 Zosterisessor ophiocephalus,Grass goby ,Grass goby - Zosterisessor ophiocephalus,NA
 Pecten maximus,Great Atlantic scallop ,Great Atlantic scallop - Pecten maximus,NA
 Sphyraena barracuda,Great barracuda ,Great barracuda - Sphyraena barracuda,NA
 Etmopterus princeps,Great lanternshark ,Great lanternshark - Etmopterus princeps,NA
 Pecten jacobaeus,Great Mediterranean scallop ,Great Mediterranean scallop - Pecten jacobaeus,NA
 Lopholatilus chamaeleonticeps,Great Northern tilefish ,Great Northern tilefish - Lopholatilus chamaeleonticeps,NA
 Seriola dumerili,Greater amberjack ,Greater amberjack - Seriola dumerili,NA
 Argentina silus,Greater argentine ,Greater argentine - Argentina silus,NA
 Phycis blennoides,Greater forkbeard ,Greater forkbeard - Phycis blennoides,NA
 Trachinus draco,Greater weever ,Greater weever - Trachinus draco,NA
 Carcinus maenas,Green crab ,Green crab - Carcinus maenas,NA
 Aprion virescens,Green jobfish ,Green jobfish - Aprion virescens,NA
 Labrus viridis,Green wrasse ,Green wrasse - Labrus viridis,NA
 Glauconome virens,Greenish glauconomya ,Greenish glauconomya - Glauconome virens,NA
 Gadus ogac,Greenland cod ,Greenland cod - Gadus ogac,NA
 Reinhardtius hippoglossoides,Greenland halibut ,Greenland halibut - Reinhardtius hippoglossoides,NA
 Somniosus microcephalus,Greenland shark ,Greenland shark - Somniosus microcephalus,NA
 Macrourus spp,Grenadiers nei ,Grenadiers nei - Macrourus spp,NA
 Macrouridae,"Grenadiers,Rattails, nei ","Grenadiers,Rattails, nei - Macrouridae",NA
 Eutrigla gurnardus,Grey gurnard ,Grey gurnard - Eutrigla gurnardus,NA
 Balistes capriscus,Grey triggerfish ,Grey triggerfish - Balistes capriscus,NA
 Symphodus cinereus,Grey wrasse ,Grey wrasse - Symphodus cinereus,NA
 Tapes decussatus,Grooved carpet shell ,Grooved carpet shell - Tapes decussatus,NA
squirt ,Grooved sea,Grooved sea-squirt - Microcosmus sulcatus,NA
 Epinephelus spp,Groupers nei ,Groupers nei - Epinephelus spp,NA
 Serranidae,"Groupers, Seabasses, nei ","Groupers, Seabasses, nei - Serranidae",NA
 Haemulidae (=Pomadasyidae),"Grunts, Sweetlips, nei ","Grunts, Sweetlips, nei - Haemulidae (=Pomadasyidae)",NA
 Seriola carpenteri,Guinean amberjack ,Guinean amberjack - Seriola carpenteri,NA
 Rhinobatidae,"Guitarfishes etc, nei ","Guitarfishes etc, nei - Rhinobatidae",NA
 Rhinobatos spp,Guitarfishes nei ,Guitarfishes nei - Rhinobatos spp,NA
 Centrophorus granulosus,Gulper shark ,Gulper shark - Centrophorus granulosus,NA
 Trigla spp,Gurnards nei ,Gurnards nei - Trigla spp,NA
 Triglidae,"Gurnards,Searobins nei ","Gurnards,Searobins nei - Triglidae",NA
 Melanogrammus aeglefinus,Haddock ,Haddock - Melanogrammus aeglefinus,NA
 Trichiurus spp,Hairtails nei ,Hairtails nei - Trichiurus spp,NA
 Trichiuridae,"Hairtails, Scabbardfishes, nei ","Hairtails, Scabbardfishes, nei - Trichiuridae",NA
 Merluccius spp,Hakes nei ,Hakes nei - Merluccius spp,NA
 Sorsogona prionota,Halfspined flathead ,Halfspined flathead - Sorsogona prionota,NA
 Sphyrna spp,Hammerhead sharks nei ,Hammerhead sharks nei - Sphyrna spp,NA
 Polyprion oxygeneios,Hapuku wreckfish ,Hapuku wreckfish - Polyprion oxygeneios,NA
 Meretrix spp,Hard clams nei ,Hard clams nei - Meretrix spp,NA
 Polybius henslowii,Henslow<U+0092>s swimming crab ,Henslow<U+0092>s swimming crab - Polybius henslowii,NA
"Herrings, sardines, anchovies","Herrings, sardines, anchovies","Herrings, sardines, anchovies",NA
 Clupeidae,"Herrings, Sardines, nei ","Herrings, Sardines, nei - Clupeidae",NA
Homarus spp,Homarus spp,Homarus spp,NA
 Eledone spp,Horned and musky octopuses ,Horned and musky octopuses - Eledone spp,NA
 Eledone cirrosa,Horned octopus ,Horned octopus - Eledone cirrosa,NA
 Modiolus spp,Horse mussels nei ,Horse mussels nei - Modiolus spp,NA
 Triakidae,"Houndsharks, Smoothhounds, nei ","Houndsharks, Smoothhounds, nei - Triakidae",NA
 Apristurus laurussonii,Iceland catshark ,Iceland catshark - Apristurus laurussonii,NA
 Chlamys islandica,Icelandic scallop ,Icelandic scallop - Chlamys islandica,NA
 Schedophilus ovalis,Imperial blackfish ,Imperial blackfish - Schedophilus ovalis,NA
 Arnoglossus imperialis,Imperial scaldfish ,Imperial scaldfish - Arnoglossus imperialis,NA
Pacific gurnards ,Indo,Indo-Pacific gurnards - Chelidonichthys spp,NA
Pacific king mackerel ,Indo,Indo-Pacific king mackerel - Scomberomorus guttatus,NA
Pacific sailfish ,Indo,Indo-Pacific sailfish - Istiophorus platypterus,NA
 Loliginidae,Inshore squids nei ,Inshore squids nei - Loliginidae,NA
 Aphanopus intermedius,Intermediate scabbardfish ,Intermediate scabbardfish - Aphanopus intermedius,NA
 Mycteroperca fusca,Island grouper ,Island grouper - Mycteroperca fusca,NA
 Trachurus spp,Jack and horse mackerels nei ,Jack and horse mackerels nei - Trachurus spp,NA
 Caranx spp,"Jacks, Crevalles, nei ","Jacks, Crevalles, nei - Caranx spp",NA
 Ruditapes philippinarum,Japanese carpet shell ,Japanese carpet shell - Ruditapes philippinarum,NA
 Gelidium amansii,Japanese isinglass ,Japanese isinglass - Gelidium amansii,NA
 Rhopilema spp,Jellyfishes ,Jellyfishes - Rhopilema spp,NA
 Zeus faber,John dory ,John dory - Zeus faber,NA
 Pseudocaranx chilensis,Juan Fernandez trevally ,Juan Fernandez trevally - Pseudocaranx chilensis,NA
 Synaphobranchus kaupii,Kaup's arrowtooth eel ,Kaup's arrowtooth eel - Synaphobranchus kaupii,NA
 Laminariaceae,Kelps nei ,Kelps nei - Laminariaceae,NA
 Paralithodes spp,King crabs ,King crabs - Paralithodes spp,NA
 Lithodes spp,King crabs nei ,King crabs nei - Lithodes spp,NA
lobsters,"King crabs, squat","King crabs, squat-lobsters",NA
 Lithodidae,"King crabs,Stone crabs, nei ","King crabs,Stone crabs, nei - Lithodidae",NA
 Genypterus capensis,Kingklip ,Kingklip - Genypterus capensis,NA
 Dalatias licha,Kitefin shark ,Kitefin shark - Dalatias licha,NA
 Centroceras clavulatum,Klein's sole ,Klein's sole - Centroceras clavulatum,NA
 Centroceras clavulatum,Red panache ,Red panache - Centroceras clavulatum,NA
 Scymnodon ringens,Knifetooth dogfish ,Knifetooth dogfish - Scymnodon ringens,NA
 Charonia rubicunda,Knobbed triton ,Knobbed triton - Charonia rubicunda,NA
 Macropipus tuberculatus,Knobby swimcrab ,Knobby swimcrab - Macropipus tuberculatus,NA
 Mesogobius batrachocephalus,Knout goby ,Knout goby - Mesogobius batrachocephalus,NA
 Argis lar,Kuro shrimp ,Kuro shrimp - Argis lar,NA
 Penaeus japonicus,Kuruma prawn ,Kuruma prawn - Penaeus japonicus,NA
 Monodonta labio,Labio monodont ,Labio monodont - Monodonta labio,NA
 Coregonus clupeaformis,Lake(=Common) whitefish ,Lake(=Common) whitefish - Coregonus clupeaformis,NA
Lampadena speculigera,Lampadena speculigera,Lampadena speculigera,NA
 Petromyzonidae,Lampreys nei ,Lampreys nei - Petromyzonidae,NA
 Etmopterus spp,Lantern sharks nei ,Lantern sharks nei - Etmopterus spp,NA
eye dentex ,Large,Large-eye dentex - Dentex macrophthalmus,NA
eyed rabbitfish ,Large,Large-eyed rabbitfish - Hydrolagus mirabilis,NA
scaled gurnard ,Large,Large-scaled gurnard - Lepidotrigla cavillone,NA
 Trichiurus lepturus,Largehead hairtail ,Largehead hairtail - Trichiurus lepturus,NA
 Pseudotolithus senegallus,Law croaker ,Law croaker - Pseudotolithus senegallus,NA
 Centrophorus squamosus,Leafscale gulper shark ,Leafscale gulper shark - Centrophorus squamosus,NA
 Liza saliens,Leaping mullet ,Leaping mullet - Liza saliens,NA
 Lichia amia,Leerfish ,Leerfish - Lichia amia,NA
 Bothidae,Lefteye flounders nei ,Lefteye flounders nei - Bothidae,NA
 Microstomus kitt,Lemon sole ,Lemon sole - Microstomus kitt,NA
 Raja leopardus,Leopard skate ,Leopard skate - Raja leopardus,NA
 Todaropsis eblanae,Lesser flying squid ,Lesser flying squid - Todaropsis eblanae,NA
 Scyllarus arctus,Lesser slipper lobster ,Lesser slipper lobster - Scyllarus arctus,NA
 Trachinus vipera,Lesser weever ,Lesser weever - Trachinus vipera,NA
 Grapsus grapsus,Lightfoot crab ,Lightfoot crab - Grapsus grapsus,NA
 Octopus defilippi,Lilliput longarm octopus ,Lilliput longarm octopus - Octopus defilippi,NA
 Patella vulgata,Limpet ,Limpet - Patella vulgata,NA
 Patella spp,Limpets nei ,Limpets nei - Patella spp,NA
 Molva molva,Ling ,Ling - Molva molva,NA
 Molva spp,Lings nei ,Lings nei - Molva spp,NA
 Somniosus rostratus,Little sleeper shark ,Little sleeper shark - Somniosus rostratus,NA
 Euthynnus alletteratus,Little tunny (=Atl.black skipjack) ,Little tunny (=Atl.black skipjack) - Euthynnus alletteratus,NA
Liza spp,Liza spp,Liza spp,NA
 Synodontidae,Lizardfishes nei ,Lizardfishes nei - Synodontidae,NA
 Reptantia,Lobsters nei ,Lobsters nei - Reptantia,NA
rock lobsters,"Lobsters, spiny","Lobsters, spiny-rock lobsters",NA
armed squid ,Long,Long-armed squid - Chiroteuthis veranyi,NA
 Tetrapturus pfluegeri,Longbill spearfish ,Longbill spearfish - Tetrapturus pfluegeri,NA
 Chelidonichthys obscurus,Longfin gurnard ,Longfin gurnard - Chelidonichthys obscurus,NA
 Seriola rivoliana,Longfin yellowtail ,Longfin yellowtail - Seriola rivoliana,NA
 Squalus blainvillei,Longnose spurdog ,Longnose spurdog - Squalus blainvillei,NA
 Centroscymnus crepidater,Longnose velvet dogfish ,Longnose velvet dogfish - Centroscymnus crepidater,NA
 Raja oxyrinchus,Longnosed skate ,Longnosed skate - Raja oxyrinchus,NA
 Macroramphosus scolopax,Longspine snipefish ,Longspine snipefish - Macroramphosus scolopax,NA
 Patagonotothen ramsayi,Longtail Southern cod ,Longtail Southern cod - Patagonotothen ramsayi,NA
 Centrophorus lusitanicus,Lowfin gulper shark ,Lowfin gulper shark - Centrophorus lusitanicus,NA
 Arenicola marina,Lugworm ,Lugworm - Arenicola marina,NA
 Cyclopterus lumpus,Lumpfish(=Lumpsucker) ,Lumpfish(=Lumpsucker) - Cyclopterus lumpus,NA
 Halobatrachus didactylus,Lusitanian toadfish ,Lusitanian toadfish - Halobatrachus didactylus,NA
 Decapterus macarellus,Mackerel scad ,Mackerel scad - Decapterus macarellus,NA
 Lamnidae,"Mackerel sharks, Porbeagles, nei ","Mackerel sharks, Porbeagles, nei - Lamnidae",NA
 Scombridae,Mackerels nei ,Mackerels nei - Scombridae,NA
 Mactridae,Mactra surf clams nei ,Mactra surf clams nei - Mactridae,NA
 Sardinella maderensis,Madeiran sardinella ,Madeiran sardinella - Sardinella maderensis,NA
Maja spider crabs nei,Maja spider crabs nei,Maja spider crabs nei,NA
 Isurus spp,Mako sharks ,Mako sharks - Isurus spp,NA
 Raja melitensis,Maltese ray ,Maltese ray - Raja melitensis,NA
 Sarotherodon galilaeus,Mango tilapia ,Mango tilapia - Sarotherodon galilaeus,NA
 Corbicula manilensis,Manila clam ,Manila clam - Corbicula manilensis,NA
 Torpedo marmorata,Marbled electric ray ,Marbled electric ray - Torpedo marmorata,NA
 Siganus rivulatus,Marbled spinefoot ,Marbled spinefoot - Siganus rivulatus,NA
 Brachyura,Marine crabs nei ,Marine crabs nei - Brachyura,NA
 Crustacea,Marine crustaceans nei ,Marine crustaceans nei - Crustacea,NA
Marine fishes,Marine fishes,Marine fishes,100039
Marine fishes not identified,Marine fishes not identified,Marine fishes not identified,100239
Marine fishes not identified,Marine fishes not identified,Marine fishes not identified,100239
Marine fishes not identified,Marine fishes not identified,Marine fishes not identified,100239
Marine fishes not identified,Marine fishes not identified,Marine fishes not identified,100239
Marine fishes not identified,Marine fishes not identified,Marine fishes not identified,100139
Marine fishes not identified,Marine fishes not identified,Marine fishes not identified,100139
Marine fishes not identified,Marine fishes not identified,Marine fishes not identified,100139
Marine fishes not identified,Marine fishes not identified,Marine fishes not identified,100139
Marine fishes not identified,Marine fishes not identified,Marine fishes not identified,100339
Marine fishes not identified,Marine fishes not identified,Marine fishes not identified,100339
Marine fishes not identified,Marine fishes not identified,Marine fishes not identified,100339
Marine fishes not identified,Marine fishes not identified,Marine fishes not identified,100339
Marine fishes not identified,Marine fishes not identified,Marine fishes not identified,100039
Marine fishes not identified,Marine fishes not identified,Marine fishes not identified,100039
Marine fishes not identified,Marine fishes not identified,Marine fishes not identified,100039
Marine fishes not identified,Marine fishes not identified,Marine fishes not identified,100039
 Mollusca,Marine molluscs nei ,Marine molluscs nei - Mollusca,NA
 Lutra felina,Marine otter ,Marine otter - Lutra felina,NA
 Polychaeta,Marine worms ,Marine worms - Polychaeta,NA
 Istiophoridae,"Marlins, Sailfishes, etc nei ","Marlins, Sailfishes, etc nei - Istiophoridae",NA
Marphysa sanguinea,Marphysa sanguinea,Marphysa sanguinea,NA
 Dosinia exoleta,Mature dosinia ,Mature dosinia - Dosinia exoleta,NA
 Argyrosomus regius,Meagre ,Meagre - Argyrosomus regius,NA
 Argyrosomus spp,Meagres nei ,Meagres nei - Argyrosomus spp,NA
 Sciaena spp,Meagres nei ,Meagres nei - Sciaena spp,NA
 Gaidropsarus biscayensis,Mediterranean bigeye rockling ,Mediterranean bigeye rockling - Gaidropsarus biscayensis,NA
 Geryon longipes,Mediterranean geryon ,Mediterranean geryon - Geryon longipes,NA
 Trachurus mediterraneus,Mediterranean horse mackerel ,Mediterranean horse mackerel - Trachurus mediterraneus,NA
 Muraena helena,Mediterranean moray ,Mediterranean moray - Muraena helena,NA
 Mytilus galloprovincialis,Mediterranean mussel ,Mediterranean mussel - Mytilus galloprovincialis,NA
 Coris julis,Mediterranean rainbow wrasse ,Mediterranean rainbow wrasse - Coris julis,NA
 Gymnammodytes cicerelus,Mediterranean sand eel ,Mediterranean sand eel - Gymnammodytes cicerelus,NA
 Atherina hepsetus,Mediterranean sand smelt ,Mediterranean sand smelt - Atherina hepsetus,NA
 Arnoglossus laterna,Mediterranean scaldfish ,Mediterranean scaldfish - Arnoglossus laterna,NA
 Carcinus aestuarii,Mediterranean shore craB ,Mediterranean shore craB - Carcinus aestuarii,NA
 Hoplostethus mediterraneus,Mediterranean slimehead ,Mediterranean slimehead - Hoplostethus mediterraneus,NA
 Scyllarides latus,Mediterranean slipper lobster ,Mediterranean slipper lobster - Scyllarides latus,NA
 Tetrapturus belone,Mediterranean spearfish ,Mediterranean spearfish - Tetrapturus belone,NA
 Raja asterias,Mediterranean starry ray ,Mediterranean starry ray - Raja asterias,NA
 Lepidorhombus whiffiagonis,Megrim ,Megrim - Lepidorhombus whiffiagonis,NA
 Lepidorhombus spp,Megrims nei ,Megrims nei - Lepidorhombus spp,NA
Melanostigma spp,Melanostigma spp,Melanostigma spp,NA
Melanostomias tentaculatus,Melanostomias tentaculatus,Melanostomias tentaculatus,NA
Metapenaeus shrimps nei,Metapenaeus shrimps nei,Metapenaeus shrimps nei,NA
Microchirus azevia,Microchirus azevia,Microchirus azevia,NA
 Alloteuthis media,Midsize squid ,Midsize squid - Alloteuthis media,NA
 Balaenoptera acutorostra,Minke whale ,Minke whale - Balaenoptera acutorostra,NA
Miscellaneous aquatic animal products,Miscellaneous aquatic animal products,Miscellaneous aquatic animal products,NA
Miscellaneous aquatic animals,Miscellaneous aquatic animals,Miscellaneous aquatic animals,NA
Miscellaneous aquatic invertabrates,Miscellaneous aquatic invertabrates,Miscellaneous aquatic invertabrates,NA
Miscellaneous aquatic mammals,Miscellaneous aquatic mammals,Miscellaneous aquatic mammals,NA
Miscellaneous aquatic plants,Miscellaneous aquatic plants,Miscellaneous aquatic plants,NA
Miscellaneous coastal fishes,Miscellaneous coastal fishes,Miscellaneous coastal fishes,NA
Miscellaneous demersal fishes,Miscellaneous demersal fishes,Miscellaneous demersal fishes,NA
Miscellaneous diadromous fishes,Miscellaneous diadromous fishes,Miscellaneous diadromous fishes,100025
Miscellaneous freshwater fishes,Miscellaneous freshwater fishes,Miscellaneous freshwater fishes,NA
Miscellaneous marine crustaceans,Miscellaneous marine crustaceans,Miscellaneous marine crustaceans,100047
Miscellaneous marine molluscs,Miscellaneous marine molluscs,Miscellaneous marine molluscs,100058
Miscellaneous pelagic fishes,Miscellaneous pelagic fishes,Miscellaneous pelagic fishes,NA
Molluscs,Molluscs,Molluscs,NA
 Lophius spp,Monkfishes nei ,Monkfishes nei - Lophius spp,NA
 Acanthurus monroviae,Monrovia doctorfish ,Monrovia doctorfish - Acanthurus monroviae,NA
 Moridae,Moras nei ,Moras nei - Moridae,NA
 Muraenidae,Morays ,Morays - Muraenidae,NA
 Dentex maroccanus,Morocco dentex ,Morocco dentex - Dentex maroccanus,NA
 Mycteroperca rubra,Mottled grouper ,Mottled grouper - Mycteroperca rubra,NA
 Galeus murinus,Mouse catshark ,Mouse catshark - Galeus murinus,NA
Mugil spp,Mugil spp,Mugil spp,NA
 Mugilidae,Mullets nei ,Mullets nei - Mugilidae,NA
Muraena spp,Muraena spp,Muraena spp,NA
 Murex spp,Murex ,Murex - Murex spp,NA
 Eledone moschata,Musky octopus ,Musky octopus - Eledone moschata,NA
Mussels,Mussels,Mussels,100054
Mussels,Mussels,Mussels,100054
Mussels,Mussels,Mussels,590117
Mussels,Mussels,Mussels,590117
Mussels,Mussels,Mussels,590117
Mussels,Mussels,Mussels,590117
Mussels,Mussels,Mussels,100054
Mussels,Mussels,Mussels,100054
Mytilus spp,Mytilus spp,Mytilus spp,NA
barred Spanish mackerel ,Narrow,Narrow-barred Spanish mackerel - Scomberomorus commerson,NA
 Parapandalus narval,Narwal shrimp ,Narwal shrimp - Parapandalus narval,NA
 Natantia,Natantian decapods nei ,Natantian decapods nei - Natantia,NA
 Belonidae,"Needlefishes etc, nei ","Needlefishes etc, nei - Belonidae",NA
 Tylosurus spp,Needlefishes nei ,Needlefishes nei - Tylosurus spp,NA
 Ommastrephes bartrami,Neon flying squid ,Neon flying squid - Ommastrephes bartrami,NA
 Pecten novaezelandiae,New Zealand scallop ,New Zealand scallop - Pecten novaezelandiae,NA
 Arca noae,Noah's ark ,Noah's ark - Arca noae,NA
 Astacus astacus,Noble crayfish ,Noble crayfish - Astacus astacus,NA
 Lepidion eques,North Atlantic codling ,North Atlantic codling - Lepidion eques,NA
 Ascophyllum nodosum,North Atlantic rockweed ,North Atlantic rockweed - Ascophyllum nodosum,NA
 Laminaria hyperborea,North European kelp ,North European kelp - Laminaria hyperborea,NA
 Gadus spp,Northern cods nei ,Northern cods nei - Gadus spp,NA
 Lucinoma borealis,Northern lucina ,Northern lucina - Lucinoma borealis,NA
 Esox lucius,Northern pike ,Northern pike - Esox lucius,NA
 Pandalus borealis,Northern prawn ,Northern prawn - Pandalus borealis,NA
 Mercenaria mercenaria,Northern quahog(=Hard clam) ,Northern quahog(=Hard clam) - Mercenaria mercenaria,NA
 Illex illecebrosus,Northern shortfin squid ,Northern shortfin squid - Illex illecebrosus,NA
 Penaeus setiferus,Northern white shrimp ,Northern white shrimp - Penaeus setiferus,NA
 Anarhichas denticulatus,Northern wolffish ,Northern wolffish - Anarhichas denticulatus,NA
 Nephrops norvegicus,Norway lobster ,Norway lobster - Nephrops norvegicus,NA
 Trisopterus esmarkii,Norway pout ,Norway pout - Trisopterus esmarkii,NA
 Laevicardium crassum,Norwegian egg cockle ,Norwegian egg cockle - Laevicardium crassum,NA
 Raja nidarosiensis,Norwegian skate ,Norwegian skate - Raja nidarosiensis,NA
 Scyliorhinus stellaris,Nursehound ,Nursehound - Scyliorhinus stellaris,NA
 Arctica islandica,Ocean quahog ,Ocean quahog - Arctica islandica,NA
 Mola mola,Ocean sunfish ,Ocean sunfish - Mola mola,NA
 Lagocephalus lagocephalus,Oceanic puffer ,Oceanic puffer - Lagocephalus lagocephalus,NA
 Carcharhinus longimanus,Oceanic whitetip shark ,Oceanic whitetip shark - Carcharhinus longimanus,NA
 Octopodidae,"Octopuses etc, nei ","Octopuses etc, nei - Octopodidae",NA
 Octopus spp,Octopuses nei ,Octopuses nei - Octopus spp,NA
 Pontinus kuhlii,Offshore rockfish ,Offshore rockfish - Pontinus kuhlii,NA
 Ruvettus pretiosus,Oilfish ,Oilfish - Ruvettus pretiosus,NA
 Cerastoderma glaucum,Olive green cockle ,Olive green cockle - Cerastoderma glaucum,NA
 Lampris guttatus,Opah ,Opah - Lampris guttatus,NA
 Hoplostethus atlanticus,Orange roughy ,Orange roughy - Hoplostethus atlanticus,NA
 Ommastrephes pteropus,Orangeback flying squid ,Orangeback flying squid - Ommastrephes pteropus,NA
 Leuciscus idus,Orfe (=Ide) ,Orfe (=Ide) - Leuciscus idus,NA
 Thalassoma pavo,Ornate wrasse ,Ornate wrasse - Thalassoma pavo,NA
 Spisula ovalis,Oval surf clam ,Oval surf clam - Spisula ovalis,NA
Oysters,Oysters,Oysters,100053
Oysters,Oysters,Oysters,100053
Oysters,Oysters,Oysters,590113
Oysters,Oysters,Oysters,590113
Oysters,Oysters,Oysters,590113
Oysters,Oysters,Oysters,590113
Oysters,Oysters,Oysters,100053
Oysters,Oysters,Oysters,100053
 Jania adhaerens,Pacific coral moss ,Pacific coral moss - Jania adhaerens,NA
 Crassostrea gigas,Pacific cupped oyster ,Pacific cupped oyster - Crassostrea gigas,NA
 Serranus scriba,Painted comber ,Painted comber - Serranus scriba,NA
 Echelus myrus,Painted eel ,Painted eel - Echelus myrus,NA
Palaemon shrimps nei,Palaemon shrimps nei,Palaemon shrimps nei,NA
 Palaemonidae,Palaemonid shrimps nei ,Palaemonid shrimps nei - Palaemonidae,NA
 Palinurus spp,Palinurid spiny lobster nei ,Palinurid spiny lobster nei - Palinurus spp,NA
 Pandalidae,Pandalid shrimps nei ,Pandalid shrimps nei - Pandalidae,NA
 Pandalus spp,Pandalus shrimps nei ,Pandalus shrimps nei - Pandalus spp,NA
 Pagellus spp,Pandoras nei ,Pandoras nei - Pagellus spp,NA
 Mugil incilis,Parassi mullet ,Parassi mullet - Mugil incilis,NA
 Pagrus spp,Pargo breams nei ,Pargo breams nei - Pagrus spp,NA
 Paromola cuvieri,Paromola ,Paromola - Paromola cuvieri,NA
 Sparisoma cretense,Parrotfish ,Parrotfish - Sparisoma cretense,NA
 Macruronus magellanicus,Patagonian grenadier ,Patagonian grenadier - Macruronus magellanicus,NA
 Loligo gahi,Patagonian squid ,Patagonian squid - Loligo gahi,NA
 Dissostichus eleginoides,Patagonian toothfish ,Patagonian toothfish - Dissostichus eleginoides,NA
 Xyrichtys novacula,Pearly razorfish ,Pearly razorfish - Xyrichtys novacula,NA
 Dasyatis violacea,Pelagic stingray ,Pelagic stingray - Dasyatis violacea,NA
 Penaeidae,Penaeid shrimps nei ,Penaeid shrimps nei - Penaeidae,NA
 Penaeus spp,Penaeus shrimps nei ,Penaeus shrimps nei - Penaeus spp,NA
 Scrobicularia plana,Peppery furrow ,Peppery furrow - Scrobicularia plana,NA
 Percoidei,Percoids nei ,Percoids nei - Percoidei,NA
 Apogonichthys perdix,Perdix cardinalfish ,Perdix cardinalfish - Apogonichthys perdix,NA
Perinereis spp,Perinereis spp,Perinereis spp,NA
 Littorina spp,Periwinkles nei ,Periwinkles nei - Littorina spp,NA
 Spicara smaris,Picarel ,Picarel - Spicara smaris,NA
 Spicara spp,Picarels nei ,Picarels nei - Spicara spp,NA
 Squalus acanthias,Picked dogfish ,Picked dogfish - Squalus acanthias,NA
 Sphyraena jello,Pickhandle barracuda ,Pickhandle barracuda - Sphyraena jello,NA
perch ,Pike,Pike-perch - Stizostedion lucioperca,NA
 Naucrates ductor,Pilotfish ,Pilotfish - Naucrates ductor,NA
eel ,Pink cusk,Pink cusk-eel - Genypterus blacodes,NA
eel ,Pygmy shore,Pygmy shore-eel - Alabes parvulus,NA
 Sepia orbignyana,Pink cuttlefish ,Pink cuttlefish - Sepia orbignyana,NA
 Dentex gibbosus,Pink dentex ,Pink dentex - Dentex gibbosus,NA
 Chaceon macphersoni,Pink geryon ,Pink geryon - Chaceon macphersoni,NA
 Pasiphaea multidentata,Pink glass shrimp ,Pink glass shrimp - Pasiphaea multidentata,NA
 Palinurus mauritanicus,Pink spiny lobster ,Pink spiny lobster - Palinurus mauritanicus,NA
 Trigla lyra,Piper gurnard ,Piper gurnard - Trigla lyra,NA
 Orcynopsis unicolor,Plain bonito ,Plain bonito - Orcynopsis unicolor,NA
 Plesionika spp,Plesionika shrimps nei ,Plesionika shrimps nei - Plesionika spp,NA
 Strombus labiatus,Plicate conch ,Plicate conch - Strombus labiatus,NA
 Ensis ensis,Pod razor shell ,Pod razor shell - Ensis ensis,NA
 Boreogadus saida,Polar cod ,Polar cod - Boreogadus saida,NA
 Pollachius pollachius,Pollack ,Pollack - Pollachius pollachius,NA
 Gymnothorax polygonius,Polygon moray ,Polygon moray - Gymnothorax polygonius,NA
Pomadasys spp,Pomadasys spp,Pomadasys spp,NA
 Trachinotus ovatus,Pompano ,Pompano - Trachinotus ovatus,NA
 Coryphaena equiselis,Pompano dolphinfish ,Pompano dolphinfish - Coryphaena equiselis,NA
 Trachinotus spp,Pompanos nei ,Pompanos nei - Trachinotus spp,NA
 Alosa pontica,Pontic shad ,Pontic shad - Alosa pontica,NA
 Trisopterus minutus,Poor cod ,Poor cod - Trisopterus minutus,NA
 Acanthocardia paucicostata,Poorly ribbed cockle ,Poorly ribbed cockle - Acanthocardia paucicostata,NA
 Lamna nasus,Porbeagle ,Porbeagle - Lamna nasus,NA
 Sparidae,"Porgies, Seabreams, nei ","Porgies, Seabreams, nei - Sparidae",NA
 Centroscymnus coelolepis,Portuguese dogfish ,Portuguese dogfish - Centroscymnus coelolepis,NA
 Synaptura lusitanica,Portuguese sole ,Portuguese sole - Synaptura lusitanica,NA
 Portunus spp,Portunus swimcrabs nei ,Portunus swimcrabs nei - Portunus spp,NA
Potamotrygon laticeps,Potamotrygon laticeps,Potamotrygon laticeps,NA
 Trisopterus luscus,Pouting (=Bib) ,Pouting (=Bib) - Trisopterus luscus,NA
Pseudaphya ferreri,Pseudaphya ferreri,Pseudaphya ferreri,NA
 Tetraodontidae,Puffers nei ,Puffers nei - Tetraodontidae,NA
 Bolinus brandaris,Purple dye murex ,Purple dye murex - Bolinus brandaris,NA
 Chionoecetes opilio,Queen crab ,Queen crab - Chionoecetes opilio,NA
 Chlamys opercularis,Queen scallop ,Queen scallop - Chlamys opercularis,NA
 Balistes vetula,Queen triggerfish ,Queen triggerfish - Balistes vetula,NA
 Chimaera monstrosa,Rabbit fish ,Rabbit fish - Chimaera monstrosa,NA
 Sarcocheilichthys nigripinnis,Rainbow gudgeon ,Rainbow gudgeon - Sarcocheilichthys nigripinnis,NA
 Oncorhynchus mykiss,Rainbow trout ,Rainbow trout - Oncorhynchus mykiss,NA
 Raja spp,Raja rays nei ,Raja rays nei - Raja spp,NA
 Hydrolagus spp,Ratfishes nei ,Ratfishes nei - Hydrolagus spp,NA
 Rajidae,Rays and skates nei ,Rays and skates nei - Rajidae,NA
 Rajiformes,"Rays, Stingrays,Mantas, nei ","Rays, Stingrays,Mantas, nei - Rajiformes",NA
 Solen spp,Razor clams nei ,Razor clams nei - Solen spp,NA
 Solenidae,"Razor clams, Knife clams, nei ","Razor clams, Knife clams, nei - Solenidae",NA
eye round herring ,Red,Red-eye round herring - Etrumeus teres,NA
mouthed goby ,Red,Red-mouthed goby - Gobius cruentatus,NA
 Cepola macrophthalma,Red bandfish ,Red bandfish - Cepola macrophthalma,NA
 Pseudophycis bachus,Red codling ,Red codling - Pseudophycis bachus,NA
 Geryon quinquedens,Red crab ,Red crab - Geryon quinquedens,NA
 Furcellaria lumbricalis,Red forkweed ,Red forkweed - Furcellaria lumbricalis,NA
 Chelidonichthys cuculus,Red gurnard ,Red gurnard - Chelidonichthys cuculus,NA
 Urophycis chuss,Red hake ,Red hake - Urophycis chuss,NA
 Asparagopsis armata,Red harpoon ,Red harpoon - Asparagopsis armata,NA
 Paralithodes camtschaticus,Red king crab ,Red king crab - Paralithodes camtschaticus,NA
 Mullus barbatus,Red mullet ,Red mullet - Mullus barbatus,NA
 Pagellus bellottii,Red pandora ,Red pandora - Pagellus bellottii,NA
 Pagrus pagrus,Red porgy ,Red porgy - Pagrus pagrus,NA
 Scorpaena scrofa,Red scorpionfish ,Red scorpionfish - Scorpaena scrofa,NA
 Erugosquilla massavensis,Red sea mantis shrimp ,Red sea mantis shrimp - Erugosquilla massavensis,NA
Red seaweeds,Red seaweeds,Red seaweeds,NA
 Rhodophyceae,Red seaweeds ,Red seaweeds - Rhodophyceae,NA
 Asterias rubens,Red starfish ,Red starfish - Asterias rubens,NA
 Procambarus clarkii,Red swamp crawfish ,Red swamp crawfish - Procambarus clarkii,NA
 Pagrus auriga,Redbanded seabream ,Redbanded seabream - Pagrus auriga,NA
 Penaeus brasiliensis,Redspotted shrimp ,Redspotted shrimp - Penaeus brasiliensis,NA
 Carcharhinidae,Requiem sharks nei ,Requiem sharks nei - Carcharhinidae,NA
 Porphyra linearis,Ribboned nori ,Ribboned nori - Porphyra linearis,NA
 Gibbula richardi,Richard's gibbula ,Richard's gibbula - Gibbula richardi,NA
 Pleuronectidae,Righteye flounders nei ,Righteye flounders nei - Pleuronectidae,NA
head ,Risso's smooth,Risso's smooth-head - Alepocephalus rostratus,NA
River eels,River eels,River eels,NA
 Anguilla spp,River eels nei ,River eels nei - Anguilla spp,NA
 Lampetra fluviatilis,River lamprey ,River lamprey - Lampetra fluviatilis,NA
 Rutilus rutilus,Roach ,Roach - Rutilus rutilus,NA
 Centrolabrus exoletus,Rock cook ,Rock cook - Centrolabrus exoletus,NA
 Gaidropsarus spp,Rocklings nei ,Rocklings nei - Gaidropsarus spp,NA
 Palaemon elegans,Rockpool prawn ,Rockpool prawn - Palaemon elegans,NA
 Promethichthys prometheus,Roudi escolar ,Roudi escolar - Promethichthys prometheus,NA
 Patella ulyssiponensis,Rough limpet ,Rough limpet - Patella ulyssiponensis,NA
 Deania histricosa,Rough longnose dogfish ,Rough longnose dogfish - Deania histricosa,NA
 Raja radula,Rough ray ,Rough ray - Raja radula,NA
 Macrourus berglax,Roughhead grenadier ,Roughhead grenadier - Macrourus berglax,NA
 Trachyrincus scabrus,Roughsnout grenadier ,Roughsnout grenadier - Trachyrincus scabrus,NA
 Dasyatis centroura,Roughtail stingray ,Roughtail stingray - Dasyatis centroura,NA
 Neogobius melanostomus,Round goby ,Round goby - Neogobius melanostomus,NA
 Raja fyllae,Round ray ,Round ray - Raja fyllae,NA
 Sardinella aurita,Round sardinella ,Round sardinella - Sardinella aurita,NA
 Taeniura grabata,Round stingray ,Round stingray - Taeniura grabata,NA
 Coryphaenoides rupestris,Roundnose grenadier ,Roundnose grenadier - Coryphaenoides rupestris,NA
 Stichopus regalis,Royal cucumber ,Royal cucumber - Stichopus regalis,NA
 Panulirus regius,Royal spiny lobster ,Royal spiny lobster - Panulirus regius,NA
 Plectorhinchus mediterraneus,Rubberlip grunt ,Rubberlip grunt - Plectorhinchus mediterraneus,NA
 Scardinius erythrophthalmus,Rudd ,Rudd - Scardinius erythrophthalmus,NA
 Centrolophus niger,Rudderfish ,Rudderfish - Centrolophus niger,NA
 Gymnocephalus cernuu,Ruffe ,Ruffe - Gymnocephalus cernuu,NA
 Centrolophidae,"Ruffs, Barrelfishes, nei ","Ruffs, Barrelfishes, nei - Centrolophidae",NA
 Eastonia rugosa,Rugose mactra ,Rugose mactra - Eastonia rugosa,NA
 Munida rugosa,Rugose squat lobster ,Rugose squat lobster - Munida rugosa,NA
 Octopoteuthis sicula,Ruppell's octopus squid ,Ruppell's octopus squid - Octopoteuthis sicula,NA
 Oblada melanura,Saddled seabream ,Saddled seabream - Oblada melanura,NA
 Oxynotus paradoxus,Sailfin roughshark ,Sailfin roughshark - Oxynotus paradoxus,NA
 Raja lintea,Sailray ,Sailray - Raja lintea,NA
 Pollachius virens,Saithe(=Pollock) ,Saithe(=Pollock) - Pollachius virens,NA
 Sarpa salpa,Salema ,Salema - Sarpa salpa,NA
 Salmonidae,Salmonids nei ,Salmonids nei - Salmonidae,NA
 Salmonoidei,Salmonoids nei ,Salmonoids nei - Salmonoidei,NA
"Salmons, trouts, smelts","Salmons, trouts, smelts","Salmons, trouts, smelts",NA
 Salpidae,Salps ,Salps - Salpidae,NA
 Pomatoschistus minutus,Sand goby ,Sand goby - Pomatoschistus minutus,NA
 Atherina presbyter,Sand smelt ,Sand smelt - Atherina presbyter,NA
 Solea lascaris,Sand sole ,Sand sole - Solea lascaris,NA
 Lithognathus mormyrus,Sand steenbras ,Sand steenbras - Lithognathus mormyrus,NA
 Odontaspis taurus,Sand tiger shark ,Sand tiger shark - Odontaspis taurus,NA
 Carcharhinus plumbeus,Sandbar shark ,Sandbar shark - Carcharhinus plumbeus,NA
 Octopus aegina,Sandbird octopus ,Sandbird octopus - Octopus aegina,NA
 Ammodytes spp,Sandeels(=Sandlances) nei ,Sandeels(=Sandlances) nei - Ammodytes spp,NA
 Raja circularis,Sandy ray ,Sandy ray - Raja circularis,NA
 Sardinella spp,Sardinellas nei ,Sardinellas nei - Sardinella spp,NA
 Corallium rubrum,Sardinia coral ,Sardinia coral - Corallium rubrum,NA
 Diplodus spp,Sargo breams nei ,Sargo breams nei - Diplodus spp,NA
 Scomberesocidae,Sauries nei ,Sauries nei - Scomberesocidae,NA
 Squatina aculeata,Sawback angelshark ,Sawback angelshark - Squatina aculeata,NA
 Decapterus spp,Scads nei ,Scads nei - Decapterus spp,NA
 Arnoglossus kessleri,Scaldback ,Scaldback - Arnoglossus kessleri,NA
rayed wrasse ,Scale,Scale-rayed wrasse - Acantholabrus palloni,NA
 Chlamys livida,Scallop ,Scallop - Chlamys livida,NA
 Sphyrna corona,Scalloped bonnethead ,Scalloped bonnethead - Sphyrna corona,NA
 Sphyrna lewini,Scalloped hammerhead ,Scalloped hammerhead - Sphyrna lewini,NA
 Pectinidae,Scallops nei ,Scallops nei - Pectinidae,NA
"Scallops, pectens","Scallops, pectens","Scallops, pectens",NA
 Plesiopenaeus edwardsian,Scarlet shrimp ,Scarlet shrimp - Plesiopenaeus edwardsian,NA
 Scomber spp,Scomber mackerels nei ,Scomber mackerels nei - Scomber spp,NA
Scopelogadus beanii,Scopelogadus beanii,Scopelogadus beanii,NA
 Scorpaenidae,Scorpionfishes nei ,Scorpionfishes nei - Scorpaenidae,NA
 Scorpaena spp,"Scorpionfishes, Rockfishes, nei ","Scorpionfishes, Rockfishes, nei - Scorpaena spp",NA
 Myoxocephalus spp,Sculpins ,Sculpins - Myoxocephalus spp,NA
 Stenotomus chrysops,Scup ,Scup - Stenotomus chrysops,NA
cucumbers nei ,Sea,Sea-cucumbers nei - Holothurioidea,NA
squirts and other tunicates,Sea,Sea-squirts and other tunicates,NA
squirts nei ,Sea,Sea-squirts nei - Ascidiacea,NA
urchins and other echinoderms,Sea,Sea-urchins and other echinoderms,NA
"urchins etc, nei ",Sea,"Sea-urchins etc, nei - Echinoidea",NA
urchins nei ,Sea,Sea-urchins nei - Strongylocentrotus spp,NA
 Ariidae,Sea catfishes nei ,Sea catfishes nei - Ariidae,NA
 Kyphosidae,Sea chubs nei ,Sea chubs nei - Kyphosidae,NA
 Petromyzon marinus,Sea lamprey ,Sea lamprey - Petromyzon marinus,NA
 Mytilidae,Sea mussels nei ,Sea mussels nei - Mytilidae,NA
 Rapana spp,Sea snails ,Sea snails - Rapana spp,NA
 Himanthalia elongata,Sea thong ,Sea thong - Himanthalia elongata,NA
 Salmo trutta,Sea trout ,Sea trout - Salmo trutta,NA
 Dicentrarchus spp,Seabasses nei ,Seabasses nei - Dicentrarchus spp,NA
 Algae,Seaweeds nei ,Seaweeds nei - Algae,NA
 Scomberomorus spp,Seerfishes nei ,Seerfishes nei - Scomberomorus spp,NA
 Merluccius senegalensis,Senegalese hake ,Senegalese hake - Merluccius senegalensis,NA
 Solea senegalensis,Senegalese sole ,Senegalese sole - Solea senegalensis,NA
Sepiola bobtail squids nei,Sepiola bobtail squids nei,Sepiola bobtail squids nei,NA
 Martialia hyadesi,Sevenstar flying squid ,Sevenstar flying squid - Martialia hyadesi,NA
Shads,Shads,Shads,500352
 Alosa spp,Shads nei ,Shads nei - Alosa spp,NA
 Raja fullonica,Shagreen ray ,Shagreen ray - Raja fullonica,NA
 Calappa granulata,Shamefaced crab ,Shamefaced crab - Calappa granulata,NA
"Sharks, rays, chimaeras","Sharks, rays, chimaeras","Sharks, rays, chimaeras",NA
 Elasmobranchii,"Sharks,Rays,Skates, etc, nei ","Sharks,Rays,Skates, etc, nei - Elasmobranchii",NA
 Gymnothorax maderensis,Sharktooth moray ,Sharktooth moray - Gymnothorax maderensis,NA
 Heptranchias perlo,Sharpnose sevengill shark ,Sharpnose sevengill shark - Heptranchias perlo,NA
 Diplodus puntazzo,Sharpsnout seabream ,Sharpsnout seabream - Diplodus puntazzo,NA
 Umbrina cirrosa,Shi drum ,Shi drum - Umbrina cirrosa,NA
 Gaidropsarus mediterraneus,Shore rockling ,Shore rockling - Gaidropsarus mediterraneus,NA
 Dysomma anguillare,Shortbelly eel ,Shortbelly eel - Dysomma anguillare,NA
 Tetrapturus angustirostris,Shortbill spearfish ,Shortbill spearfish - Tetrapturus angustirostris,NA
 Isurus oxyrinchus,Shortfin mako ,Shortfin mako - Isurus oxyrinchus,NA
 Illex spp,Shortfin squids nei ,Shortfin squids nei - Illex spp,NA
 Myoxocephalus scorpius,Shorthorn sculpin ,Shorthorn sculpin - Myoxocephalus scorpius,NA
 Centroscymnus cryptacanthus,Shortnose velvet dogfish ,Shortnose velvet dogfish - Centroscymnus cryptacanthus,NA
"Shrimps, prawns","Shrimps, prawns","Shrimps, prawns",NA
 Pelecus cultratus,Sichel ,Sichel - Pelecus cultratus,NA
 Carcharhinu falciform,Silky shark ,Silky shark - Carcharhinu falciform,NA
 Hypophthalmichthys molitrix,Silver carp ,Silver carp - Hypophthalmichthys molitrix,NA
 Pennahia argentatus,Silver croaker ,Silver croaker - Pennahia argentatus,NA
 Pomadasys argenteus,Silver grunt ,Silver grunt - Pomadasys argenteus,NA
 Merluccius bilinearis,Silver hake ,Silver hake - Merluccius bilinearis,NA
 Pampus spp,Silver pomfrets nei ,Silver pomfrets nei - Pampus spp,NA
 Lepidopus caudatus,Silver scabbardfish ,Silver scabbardfish - Lepidopus caudatus,NA
 Atherinidae,Silversides(=Sand smelts) nei ,Silversides(=Sand smelts) nei - Atherinidae,NA
 Carcharhinus albimarginatus,Silvertip shark ,Silvertip shark - Carcharhinus albimarginatus,NA
 Zenopsis conchifer,Silvery John dory ,Silvery John dory - Zenopsis conchifer,NA
 Maurolicus muelleri,Silvery lightfish ,Silvery lightfish - Maurolicus muelleri,NA
 Gadiculus argenteus,Silvery pout ,Silvery pout - Gadiculus argenteus,NA
 Pseudocaranx wrighti,Skipjack trevally ,Skipjack trevally - Pseudocaranx wrighti,NA
 Katsuwonus pelamis,Skipjack tuna ,Skipjack tuna - Katsuwonus pelamis,NA
 Lethrinus mahsena,Sky emperor ,Sky emperor - Lethrinus mahsena,NA
 Scorpaena elongata,Slender rockfish ,Slender rockfish - Scorpaena elongata,NA
 Trachichthyidae,Slimeheads nei ,Slimeheads nei - Trachichthyidae,NA
 Scyllaridae,Slipper lobsters nei ,Slipper lobsters nei - Scyllaridae,NA
eyed ray ,Small,Small-eyed ray - Raja microocellata,NA
spotted catshark ,Small,Small-spotted catshark - Scyliorhinus canicula,NA
 Scorpaena notata,Small red scorpionfish ,Small red scorpionfish - Scorpaena notata,NA
 Ammodytes tobianus,Small sandeel ,Small sandeel - Ammodytes tobianus,NA
 Muraenolepis microps,Smalleye moray cod ,Smalleye moray cod - Muraenolepis microps,NA
 Tetragonurus cuvieri,Smalleye squaretail ,Smalleye squaretail - Tetragonurus cuvieri,NA
 Glossanodon leioglossus,Smalltoothed argentine ,Smalltoothed argentine - Glossanodon leioglossus,NA
hounds nei ,Smooth,Smooth-hounds nei - Mustelus spp,NA
 Callista chione,Smooth callista ,Smooth callista - Callista chione,NA
 Sphyrna zygaena,Smooth hammerhead ,Smooth hammerhead - Sphyrna zygaena,NA
 Heterocarpus laevigatus,Smooth nylon shrimp ,Smooth nylon shrimp - Heterocarpus laevigatus,NA
 Flexopecten glaber,Smooth scallop ,Smooth scallop - Flexopecten glaber,NA
 Liocarcinus vernalis,Smooth swimcrab ,Smooth swimcrab - Liocarcinus vernalis,NA
 Borostomias antarcticus,Snaggletooth ,Snaggletooth - Borostomias antarcticus,NA
 Ophidion barbatum,Snake blenny ,Snake blenny - Ophidion barbatum,NA
 Gempylidae,"Snake mackerels, Escolars, nei ","Snake mackerels, Escolars, nei - Gempylidae",NA
 Anemonia sulcata,Snakelocks anemone ,Snakelocks anemone - Anemonia sulcata,NA
 Lutjanus spp,Snappers nei ,Snappers nei - Lutjanus spp,NA
 Thyrsites atun,Snoek ,Snoek - Thyrsites atun,NA
 Centropomus spp,Snooks(=Robalos) nei ,Snooks(=Robalos) nei - Centropomus spp,NA
iuy mullet ,So,So-iuy mullet - Mugil soiuy,NA
 Mya arenaria,Soft clam ,Soft clam - Mya arenaria,NA
Solea spp,Solea spp,Solea spp,NA
 Buglossidium luteum,Solenette ,Solenette - Buglossidium luteum,NA
 Solenoceridae,Solenocerid shrimps nei ,Solenocerid shrimps nei - Solenoceridae,NA
 Soleidae,Soles nei ,Soles nei - Soleidae,NA
 Spisula solida,Solid surf clam ,Solid surf clam - Spisula solida,NA
 Diopatra neapolitana,Solitary Tube Worm ,Solitary Tube Worm - Diopatra neapolitana,NA
 Pomadasys jubelini,Sompat grunt ,Sompat grunt - Pomadasys jubelini,NA
 Pacifastacus nigrescens,Sooty crayfish ,Sooty crayfish - Pacifastacus nigrescens,NA
 Thunnus maccoyii,Southern bluefin tuna ,Southern bluefin tuna - Thunnus maccoyii,NA
 Penaeus subtilis,Southern brown shrimp ,Southern brown shrimp - Penaeus subtilis,NA
 Merluccius australis,Southern hake ,Southern hake - Merluccius australis,NA
 Molva macrophthalma,Spanish ling ,Spanish ling - Molva macrophthalma,NA
 Molva macrophthalma,Spanish Ling ,Spanish Ling - Molva macrophthalma,NA
 Ranina ranina,Spanner crab ,Spanner crab - Ranina ranina,NA
 Glycymeris maculata,Speckled bittersweet ,Speckled bittersweet - Glycymeris maculata,NA
 Raja polystigma,Speckled ray ,Speckled ray - Raja polystigma,NA
 Arenaeus cribarius,Speckled swimcrab ,Speckled swimcrab - Arenaeus cribarius,NA
Spectrunculus grandis,Spectrunculus grandis,Spectrunculus grandis,NA
 Octopus salutii,Spider octopus ,Spider octopus - Octopus salutii,NA
 Siganus spp,Spinefeet(=Rabbitfishes) nei ,Spinefeet(=Rabbitfishes) nei - Siganus spp,NA
 Maja squinado,Spinous spider crab ,Spinous spider crab - Maja squinado,NA
 Gymnura altavela,Spiny butterfly ray ,Spiny butterfly ray - Gymnura altavela,NA
 Lepidotrigla dieuzeidei,Spiny gurnard ,Spiny gurnard - Lepidotrigla dieuzeidei,NA
 Palinuridae,Spiny lobsters nei ,Spiny lobsters nei - Palinuridae,NA
 Trachyscorpia echinata,Spiny scorpionfish ,Spiny scorpionfish - Trachyscorpia echinata,NA
 Psettodes bennettii,Spiny turbot ,Spiny turbot - Psettodes bennettii,NA
 Beryx splendens,Splendid alfonsino ,Splendid alfonsino - Beryx splendens,NA
Sponges,Sponges,Sponges,NA
 Spongidae,Sponges ,Sponges - Spongidae,NA
 Squilla mantis,Spottail mantis squillid ,Spottail mantis squillid - Squilla mantis,NA
 Arius maculatus,Spotted catfish ,Spotted catfish - Arius maculatus,NA
 Citharus linguatula,Spotted flounder ,Spotted flounder - Citharus linguatula,NA
 Raja montagui,Spotted ray ,Spotted ray - Raja montagui,NA
 Dicentrarchus punctatus,Spotted seabass ,Spotted seabass - Dicentrarchus punctatus,NA
 Trachinus araneus,Spotted weever ,Spotted weever - Trachinus araneus,NA
 Anarhichas minor,Spotted wolffish ,Spotted wolffish - Anarhichas minor,NA
 Cynoscion regalis,Squeteague (=Gray weakfish) ,Squeteague (=Gray weakfish) - Cynoscion regalis,NA
 Ommastrephidae,Squids nei ,Squids nei - Ommastrephidae,NA
"Squids, cuttlefishes, octopuses","Squids, cuttlefishes, octopuses","Squids, cuttlefishes, octopuses",NA
 Squillidae,Squillids nei ,Squillids nei - Squillidae,NA
 Holocentridae,Squirrelfishes nei ,Squirrelfishes nei - Holocentridae,NA
 Uranoscopus scaber,Stargazer ,Stargazer - Uranoscopus scaber,NA
 Uranoscopus spp,Stargazers ,Stargazers - Uranoscopus spp,NA
 Raja radiata,Starry ray ,Starry ray - Raja radiata,NA
 Mustelus asterias,Starry smoothhound ,Starry smoothhound - Mustelus asterias,NA
 Lithognathus spp,Steenbrasses nei ,Steenbrasses nei - Lithognathus spp,NA
 Gasterosteus spp,Sticklebacks ,Sticklebacks - Gasterosteus spp,NA
 Dasyatis spp,Stingrays nei ,Stingrays nei - Dasyatis spp,NA
 Dasyatidae,"Stingrays, Butterfly rays, nei ","Stingrays, Butterfly rays, nei - Dasyatidae",NA
 Lithodes maia,Stone king crab ,Stone king crab - Lithodes maia,NA
 Polymixia nobilis,Stout beardfish ,Stout beardfish - Polymixia nobilis,NA
 Rhinochimaera atlantica,Straightnose rabbitfish ,Straightnose rabbitfish - Rhinochimaera atlantica,NA
 Chelidonichthys lastoviza,Streaked gurnard ,Streaked gurnard - Chelidonichthys lastoviza,NA
Striate pisania,Striate pisania,Striate pisania,NA
 Morone saxatilis,Striped bass ,Striped bass - Morone saxatilis,NA
 Plesionika ensis,Striped gladiator shrimp ,Striped gladiator shrimp - Plesionika ensis,NA
 Tetrapturus audax,Striped marlin ,Striped marlin - Tetrapturus audax,NA
 Aristeus varidens,Striped red shrimp ,Striped red shrimp - Aristeus varidens,NA
 Plesionika edwardsii,Striped soldier shrimp ,Striped soldier shrimp - Plesionika edwardsii,NA
 Chamelea gallina,Striped venus ,Striped venus - Chamelea gallina,NA
 Acipenser sturio,Sturgeon ,Sturgeon - Acipenser sturio,NA
 Acipenseridae,Sturgeons nei ,Sturgeons nei - Acipenseridae,NA
"Sturgeons, paddlefishes","Sturgeons, paddlefishes","Sturgeons, paddlefishes",NA
 Spisula subtruncata,Subtruncate surf clam ,Subtruncate surf clam - Spisula subtruncata,NA
 Mola spp,Sunfish ,Sunfish - Mola spp,NA
 Spisula solidissima,Surf clam ,Surf clam - Spisula solidissima,NA
 Spisula spp,Surf clams nei ,Surf clams nei - Spisula spp,NA
 Acanthuridae,Surgeonfishes nei ,Surgeonfishes nei - Acanthuridae,NA
 Mullus surmuletus,Surmullet ,Surmullet - Mullus surmuletus,NA
 Mullus spp,Surmullets(=Red mullets) nei ,Surmullets(=Red mullets) nei - Mullus spp,NA
 Anthias anthias,Swallowtail seaperch ,Swallowtail seaperch - Anthias anthias,NA
 Portunidae,"Swimming crabs etc, nei ","Swimming crabs etc, nei - Portunidae",NA
 Ensis siliqua,Sword razor shell ,Sword razor shell - Ensis siliqua,NA
 Xiphias gladius,Swordfish ,Swordfish - Xiphias gladius,NA
Symphodus wrasses nei,Symphodus wrasses nei,Symphodus wrasses nei,NA
 Salilota australis,Tadpole codling ,Tadpole codling - Salilota australis,NA
 Laminaria digitata,Tangle ,Tangle - Laminaria digitata,NA
 Megalops atlanticus,Tarpon ,Tarpon - Megalops atlanticus,NA
 Tellina spp,Tellins nei ,Tellins nei - Tellina spp,NA
 Tinca tinca,Tench ,Tench - Tinca tinca,NA
 Microchirus variegatus,Thickback sole ,Thickback sole - Microchirus variegatus,NA
 Microchirus spp,Thickback soles ,Thickback soles - Microchirus spp,NA
 Hinia incrassata,Thickened nassa ,Thickened nassa - Hinia incrassata,NA
 Chelon labrosus,Thicklip grey mullet ,Thicklip grey mullet - Chelon labrosus,NA
 Liza ramada,Thinlip grey mullet ,Thinlip grey mullet - Liza ramada,NA
 Rapana venosa,Thomas' rapa whelk ,Thomas' rapa whelk - Rapana venosa,NA
 Arnoglossus thori,Thor's scaldfish ,Thor's scaldfish - Arnoglossus thori,NA
 Raja clavata,Thornback ray ,Thornback ray - Raja clavata,NA
 Grammicolepis brachiusculus,Thorny tinselfish ,Thorny tinselfish - Grammicolepis brachiusculus,NA
 Polynemidae,"Threadfins,Tasselfishes, nei ","Threadfins,Tasselfishes, nei - Polynemidae",NA
 Stephanolepis cirrhifer,Threadsail filefish ,Threadsail filefish - Stephanolepis cirrhifer,NA
bearded rockling ,Three,Three-bearded rockling - Gaidropsarus vulgaris,NA
spined stickleback ,Three,Three-spined stickleback - Gasterosteus aculeatus,NA
 Alopias vulpinus,Thresher ,Thresher - Alopias vulpinus,NA
 Galeocerdo cuvier,Tiger shark ,Tiger shark - Galeocerdo cuvier,NA
Tilapias and other cichlids,Tilapias and other cichlids,Tilapias and other cichlids,NA
 Branchiostegidae,Tilefishes nei ,Tilefishes nei - Branchiostegidae,NA
 Cephalopholis sonnerati,Tomato hind ,Tomato hind - Cephalopholis sonnerati,NA
 Cynoglossus spp,Tonguesole nei ,Tonguesole nei - Cynoglossus spp,NA
 Cancer bellianus,Toothed rock crab ,Toothed rock crab - Cancer bellianus,NA
 Galeorhinus galeus,Tope shark ,Tope shark - Galeorhinus galeus,NA
 Torpedo spp,Torpedo rays ,Torpedo rays - Torpedo spp,NA
 Torpedo nobilliana,Torpille noire ,Torpille noire - Torpedo nobilliana,NA
Total fishery products,Total fishery products,Total fishery products,NA
 Aphia minuta,Transparent goby ,Transparent goby - Aphia minuta,NA
 Alopias spp,Tresher sharks nei ,Tresher sharks nei - Alopias spp,NA
 Balistidae,"Triggerfishes, Durgons, nei ","Triggerfishes, Durgons, nei - Balistidae",NA
 Lobotes surinamensis,Tripletail ,Tripletail - Lobotes surinamensis,NA
Trisopterus nei,Trisopterus nei,Trisopterus nei,NA
 Salmo spp,Trouts nei ,Trouts nei - Salmo spp,NA
 Nephropidae,"True lobsters,lobsterettes nei ","True lobsters,lobsterettes nei - Nephropidae",NA
 Thunnus spp,True tunas nei ,True tunas nei - Thunnus spp,NA
 Donax trunculus,Truncate donax ,Truncate donax - Donax trunculus,NA
 Chelidonichthys lucerna,Tub gurnard ,Tub gurnard - Chelidonichthys lucerna,NA
eye ,Tube,Tube-eye - Stylephorus chordatus,NA
 Haliotis tuberculata,Tuberculate abalone ,Tuberculate abalone - Haliotis tuberculata,NA
 Acanthocardia tuberculata,Tuberculate cockle ,Tuberculate cockle - Acanthocardia tuberculata,NA
like fishes nei ,Tuna,Tuna-like fishes nei - Scombroidei,501905
 Thunnini,Tunas nei ,Tunas nei - Thunnini,NA
"Tunas, bonitos, billfishes","Tunas, bonitos, billfishes","Tunas, bonitos, billfishes",NA
 Psetta maxima,Turbot ,Turbot - Psetta maxima,NA
 Scophtalmidae,Turbots nei ,Turbots nei - Scophtalmidae,NA
 Brosme brosme,Tusk (=Cusk) ,Tusk (=Cusk) - Brosme brosme,NA
 Risor ruber,Tusked goby ,Tusked goby - Risor ruber,NA
 Alosa fallax,Twaite shad ,Twaite shad - Alosa fallax,NA
spotted goby  ,Two,Two-spotted goby  - Gobiusculus flavescens,NA
 Raja undulata,Undulate ray ,Undulate ray - Raja undulata,NA
 Aluterus monoceros,Unicorn leatherjacket filefish ,Unicorn leatherjacket filefish - Aluterus monoceros,NA
 Scaeurgus unicirrhus,Unihorn octopus ,Unihorn octopus - Scaeurgus unicirrhus,NA
 Campogramma glaycos,Vadigo ,Vadigo - Campogramma glaycos,NA
 Leuciscus souffia,Vairone ,Vairone - Leuciscus souffia,NA
 Chlamys varia,Variegated scallop ,Variegated scallop - Chlamys varia,NA
 Selachimorpha (Pleurotremata),Various sharks nei ,Various sharks nei - Selachimorpha (Pleurotremata),NA
" Loliginidae, Ommastrephidae",Various squids nei ,"Various squids nei - Loliginidae, Ommastrephidae",NA
 Loligo forbesi,Veined squid ,Veined squid - Loligo forbesi,NA
 Etmopterus spinax,Velvet belly ,Velvet belly - Etmopterus spinax,NA
 Necora puber,Velvet swimcrab ,Velvet swimcrab - Necora puber,NA
 Coregonus albula,Vendace ,Vendace - Coregonus albula,NA
Venerupis spp,Venerupis spp,Venerupis spp,NA
 Veneridae,Venus clams nei ,Venus clams nei - Veneridae,NA
 Vimba vimba,Vimba bream ,Vimba bream - Vimba vimba,NA
 Glycymeris violacescens,Violet bittersweet ,Violet bittersweet - Glycymeris violacescens,NA
 Sphaerechinus granularis,Violet sea urchin ,Violet sea urchin - Sphaerechinus granularis,NA
 Eleginus navaga,Wachna cod (=Navaga) ,Wachna cod (=Navaga) - Eleginus navaga,NA
 Acanthocybium solandri,Wahoo ,Wahoo - Acanthocybium solandri,NA
 Undaria pinnatifida,Wakame ,Wakame - Undaria pinnatifida,NA
 Eriphia verrucosa,Warty crab ,Warty crab - Eriphia verrucosa,NA
 Venus verrucosa,Warty venus ,Warty venus - Venus verrucosa,NA
 Patinopecten caurinus,Weathervane scallop ,Weathervane scallop - Patinopecten caurinus,NA
 Ommastrephes caroli,Webbed flying squid ,Webbed flying squid - Ommastrephes caroli,NA
 Dicologoglossa cuneata,Wedge sole ,Wedge sole - Dicologoglossa cuneata,NA
 Trachinidae,Weeverfishes nei ,Weeverfishes nei - Trachinidae,NA
 Trachinus spp,Weevers nei ,Weevers nei - Trachinus spp,NA
 Silurus glanis,Wels(=Som) Catfish ,Wels(=Som) Catfish - Silurus glanis,NA
 Scyliorhinus cervigoni,West African catshark ,West African catshark - Scyliorhinus cervigoni,NA
 Pseudotolithus spp,West African croakers nei ,West African croakers nei - Pseudotolithus spp,NA
 Geryon maritae,West African geryon ,West African geryon - Geryon maritae,NA
 Pseudupeneus prayensis,West African goatfish ,West African goatfish - Pseudupeneus prayensis,NA
 Ilisha africana,West African ilisha ,West African ilisha - Ilisha africana,NA
 Elops lacerta,West African ladyfish ,West African ladyfish - Elops lacerta,NA
 Glaucosoma hebraicum,Westralian jewfish ,Westralian jewfish - Glaucosoma hebraicum,NA
 Buccinum undatum,Whelk ,Whelk - Buccinum undatum,NA
 Monochirus hispidus,Whiskered sole ,Whiskered sole - Monochirus hispidus,NA
spotted octopus ,White,White-spotted octopus - Octopus macropus,NA
 Blicca bjoerkna,White bream ,White bream - Blicca bjoerkna,NA
 Pasiphaea sivado,White glass shrimp ,White glass shrimp - Pasiphaea sivado,NA
 Epinephelus aeneus,White grouper ,White grouper - Epinephelus aeneus,NA
 Urophycis tenuis,White hake ,White hake - Urophycis tenuis,NA
 Morone americana,White perch ,White perch - Morone americana,NA
 Diplodus sargus,White seabream ,White seabream - Diplodus sargus,NA
 Raja alba,White skate ,White skate - Raja alba,NA
 Fragum fragum,White strawberry cockle ,White strawberry cockle - Fragum fragum,NA
 Pseudocaranx dentex,White trevally ,White trevally - Pseudocaranx dentex,NA
 Coregonus spp,Whitefishes nei ,Whitefishes nei - Coregonus spp,NA
 Triaenodon obesus,Whitetip reef shark ,Whitetip reef shark - Triaenodon obesus,NA
 Merlangius merlangus,Whiting ,Whiting - Merlangius merlangus,NA
eyed flounder ,Wide,Wide-eyed flounder - Bothus podas,NA
 Pseudopleuronectes americanus,Winter flounder ,Winter flounder - Pseudopleuronectes americanus,NA
 Glyptocephalus cynoglossus,Witch flounder ,Witch flounder - Glyptocephalus cynoglossus,NA
 Anarhichas spp,Wolffishes (=Catfishes) nei ,Wolffishes (=Catfishes) nei - Anarhichas spp,NA
 Labridae,"Wrasses,Hogfishes, etc, nei ","Wrasses,Hogfishes, etc, nei - Labridae",NA
 Polyprion americanus,Wreckfish ,Wreckfish - Polyprion americanus,NA
 Xiphopenaeus spp,Xiphopenaeus shrimps nei ,Xiphopenaeus shrimps nei - Xiphopenaeus spp,NA
edged lyretail ,Yellow,Yellow-edged lyretail - Variola louti,NA
 Lutjanus argentiventris,Yellow snapper ,Yellow snapper - Lutjanus argentiventris,NA
 Pellona flavipinnis,Yellowfin river pellona ,Yellowfin river pellona - Pellona flavipinnis,NA
 Thunnus albacares,Yellowfin tuna ,Yellowfin tuna - Thunnus albacares,NA
 Sphyraena viridensis,Yellowmouth barracuda ,Yellowmouth barracuda - Sphyraena viridensis,NA
 Carangoides fulvoguttatus,Yellowspotted trevally ,Yellowspotted trevally - Carangoides fulvoguttatus,NA
 Mulloidichthys flavolineatus,Yellowstripe goatfish ,Yellowstripe goatfish - Mulloidichthys flavolineatus,NA
 Seriola lalandi,Yellowtail amberjack ,Yellowtail amberjack - Seriola lalandi,NA
 Limanda ferruginea,Yellowtail flounder ,Yellowtail flounder - Limanda ferruginea,NA
 Diplodus cervinus,Zebra seabream ,Zebra seabream - Diplodus cervinus,NA
NA,NA,NA,2550
